item,BadmintonRacket,BallPeenHammer,BallPeenHammerForged,BanjoNeck_Broken,BaseballBat_Broken,BaseballBat_Broken_Nails,BlockMace,BoneClub,BoneClub_Spiked,BowlingPin,BowlingPin_Nails,Branch_Broken,Branch_Broken_Nails,BrassNameplate,CarpentryChisel,ChairLeg,ChairLeg_Nails,ClubHammer,ClubHammerForged,Drumstick,DumbBell,DumbBell_Forged,FieldHockeyStick_Broken,FieldHockeyStick_Broken_Nails,File,FireplacePoker,FlintNodule,Flute,GardenToolHandle_Broken,Gavel,GridlePan,GuitarAcousticNeck_Broken,GuitarElectricBassNeck_Broken,GuitarElectricNeck_Broken,Hammer,HammerForged,HammerStone,Handle,Handle_Can,Handle_Nails,IronBarHalf,IronRod,IronRodHalf,JawboneBovide,JawboneBovide_Club,LargeBoneClub,LargeBoneClub_Spiked,LargeHook,LeadPipe,LongHandle_Broken,LongHandle_Broken_Nails,LongStick_Broken,Mace,MasonsChisel,MasonsTrowel,MetalBar,MetalPipe,MetalPipe_Broken,MetalworkingChisel,MetalworkingPunch,Morningstar_Scrap_Short,Nightstick,Pan,PanForged,PipeWrench,Plank_Broken,Plank_Broken_Nails,Plunger,Plunger_BarbedWire,Ratchet,RollingPin,Saucepan,SaucepanCopper,Saxophone,SheetMetalSnips,ShortBat,ShortBat_Can,ShortBat_Nails,ShortBat_RakeHead,SmithingHammer,SpikedShortBat,SteelBarHalf,SteelRodHalf,Stone2,TableLeg_Broken,TableLeg_Broken_Nails,TennisRacket,TireIron,TreeBranch2,TreeBranch_Bone,TreeBranch_Can,TreeBranch_Nails,Trumpet,Violin,WoodenMallet,WoodenStick2,WoodenStick_Broken,WoodenStick_Broken_Nails,WoodenStick_Nails,Wrench,YardstickDEBUG
DisplayName,Badminton Racket,Ball-peen Hammer,Ball-peen Hammer,Broken Banjo Neck,Broken Baseball Bat,Broken Baseball Bat - Nail-Spiked,Block Mace,Bone Club,Bone Club - Spiked,Bowling Pin,Bowling Pin - Nail-Spiked,Broken Branch,Broken Branch - Nail-Spiked,Brass Nameplate,Carpentry Chisel,Chair Leg,Chair Leg - Nail-Spiked,Club Hammer,Club Hammer,Drumstick,Dumbbell,Dumbbell,Broken Field Hockey Stick,Broken Field Hockey Stick - Nail-Spiked,File,Fireplace Poker,Flint Nodule,Flute,Broken Garden Tool Handle,Gavel,Griddle Pan,Broken Acoustic Guitar Neck,Broken Electric Bass Neck,Broken Electric Guitar Neck,Clawhammer,Claw Hammer,Stone Hammer,Medium Handle,Medium Handle - Can-Reinforced,Medium Handle - Nail-Spiked,Iron Bar Half,Iron Rod,Iron Rod Half,Jawbone,Jawbone Club,Large Bone Club,Large Bone Club - Spiked,Large Hook,Lead Pipe,Broken Long Handle,Broken Long Handle - Nail-Spiked,Broken Long Stick,Mace,Masons Chisel,Mason's Trowel,Steel Rod,Iron Pipe,Broken Iron Pipe,Metalworking Chisel,Metalworking Punch,Scrap Metal Morningstar - Short,Nightstick,Frying Pan,Frying Pan,Pipe Wrench,Broken Plank,Broken Plank - Nail-Spiked,Plunger,Plunger - Barbed Wire,Ratchet Wrench,Rolling Pin,Saucepan,Copper Saucepan,Saxophone,Sheet Metal Snips,Short Bat,Short Bat - Can-Reinforced,Short Bat - Nail-Spiked,Short Bat - Rake-Head,Smithing Hammer,Spiked Short Bat,Steel Bar Half,Steel Rod Half,Stone,Broken Table Leg,Broken Table Leg - Nail-Spiked,Tennis Racket,Tire Iron,Tree Branch,Tree Branch - Bone-Spiked,Tree Branch - Can-Reinforced,Tree Branch - Nail-Spiked,Trumpet,Violin,Wooden Mallet,Stick,Broken Stick,Broken Stick - Nail-Spiked,Stick - Nail-Spiked,Wrench,Debug Yardstick
Icon,BadmintonRacket,,BallPeenHammer_Forged,Banjo_Broken,Bat_Broken,Bat_Broken_Nails,ScrapMetal_BlockHammer_Short,Bone_Club,Bone_Club_Sharpbone_New,BowlingPin,BowlingPin_Nails,Cudgel_Broken,Cudgel_Broken_Nails,BrassNameplate,HotChisel_Forged,ChairLeg,ChairLeg_Nails,ClubHammer,ClubHammer,Drumsticks,Dumbbell,Dumbbell_Forged,FieldHockeyStick_Broken,FieldHockeyStick_Broken_Nails,LargeFile_Forged,FireplacePoker,FlintAngular,Flute,Pitchfork_Broken,JudgeGavel,Griddle,GuitarAcoustic_Broken,BassElectric_Broken,GuitarElectric_Broken,,Hammer_Forged,HammerStone,Hammer_Shaft,ShortHandle_Cans,MedHandleNails,IronBar_Half,IronRod_Full,IronRod_Half,JawBone,JawBone_Club,BoneShort_Club2,BoneShort_Club_Sharpbone2_New,LargeHook,Pipe,LongHandle_Broken,LongHandle_Broken_Nails,Shaft_Broken,Mace_Forged_01,Chisel_Forged,MasonTrowel,SteelRod_Full,MetalTube,Pipe_Broken,HotChisel_Forged,Punch_Forged,ScrapMetal_Spiked,NightStick,Pan,FryingPan_Forged,PipeWrench,PlankBroken,PlankBroken_Nails,Plunger,Plunger_BarbedWire,Ratchet,RollingPin,SaucepanEmpty,CopperPot,Saxophone,SheetMetalSnips,ShortHandle,MedHandle_Cans,ShortHandle_Nails,ShortHandle_Rake,SmithingHammer,Mace_Forged_02,SteelBar_Half,SteelRod_Half,Rock,TableLeg_Broken,TableLeg_Broken,TennisRacket,TireIron,Branch,Branch_Sharpbones_New,Branch_Cans,BranchNails,Trumpet,Violin,WoodMallet,WoodenStick,WoodenStick_Broken,WoodenStick_Broken_Nails,WoodenStick_Nails,Wrench,Insect_Aphid
IconColorMask,,,,,,,,,,,,,,,,,,,,,,,,,,,,,,,,,,,,,,,,,,,,,,,,,,,,,,,,,,,,,,,,,,,,,,,,,,,,,,,,,,,,,,,,,,,,,,,,,,,,,
ColorBlue,,,,,,,,,,,,,,,,,,,,,,,,,,,,,,,,,,,,,,,,,,,,,,,,,,,,,,,,,,,,,,,,,,,,,,,,,,,,,,,,,,,,,,,,,,,,,,,,,,,,,
ColorGreen,,,,,,,,,,,,,,,,,,,,,,,,,,,,,,,,,,,,,,,,,,,,,,,,,,,,,,,,,,,,,,,,,,,,,,,,,,,,,,,,,,,,,,,,,,,,,,,,,,,,,
ColorRed,,,,,,,,,,,,,,,,,,,,,,,,,,,,,,,,,,,,,,,,,,,,,,,,,,,,,,,,,,,,,,,,,,,,,,,,,,,,,,,,,,,,,,,,,,,,,,,,,,,,,
IconFluidMask,,,,,,,,,,,,,,,,,,,,,,,,,,,,,,,,,,,,,,,,,,,,,,,,,,,,,,,,,,,,,,,,,,,,,,,,Saucepan_Mask,Saucepan_Mask,,,,,,,,,,,,,,,,,,,,,,,,,,,,
IconsForTexture,,BallPeenHammer;BallPeenHammer_Forged,,,,,,,,,,,,,,,,ClubHammer_Forged;ClubHammer,,,,,,,,,,,,,,,,,Hammer;Hammer_Forged,,,,,,,,,,,,,,,,,,,,,,,,,,,,,,,,,,,,,,,,,,,,,,,,,,,,,,,,,,,,,,,,,,
DisplayCategory,SportsWeapon,ToolWeapon,ToolWeapon,JunkWeapon,BrokenWeapon,WeaponCrafted,WeaponCrafted,AnimalPartWeapon,AnimalPartWeapon,SportsWeapon,SportsWeapon,JunkWeapon,WeaponCrafted,JunkWeapon,ToolWeapon,JunkWeapon,Weapon,ToolWeapon,ToolWeapon,InstrumentWeapon,SportsWeapon,SportsWeapon,JunkWeapon,WeaponCrafted,ToolWeapon,ToolWeapon,MaterialWeapon,InstrumentWeapon,JunkWeapon,Weapon,CookingWeapon,JunkWeapon,JunkWeapon,JunkWeapon,ToolWeapon,ToolWeapon,ToolWeapon,MaterialWeapon,MaterialWeapon,WeaponCrafted,MaterialWeapon,MaterialWeapon,MaterialWeapon,AnimalPartWeapon,WeaponCrafted,AnimalPartWeapon,AnimalPartWeapon,ToolWeapon,MaterialWeapon,JunkWeapon,WeaponCrafted,JunkWeapon,Weapon,ToolWeapon,ToolWeapon,MaterialWeapon,MaterialWeapon,JunkWeapon,ToolWeapon,ToolWeapon,WeaponCrafted,Weapon,CookingWeapon,CookingWeapon,ToolWeapon,JunkWeapon,WeaponCrafted,HouseholdWeapon,HouseholdWeapon,ToolWeapon,CookingWeapon,CookingWeapon,CookingWeapon,InstrumentWeapon,ToolWeapon,Weapon,Weapon,WeaponCrafted,WeaponCrafted,ToolWeapon,Weapon,MaterialWeapon,MaterialWeapon,MaterialWeapon,JunkWeapon,WeaponCrafted,SportsWeapon,VehicleMaintenanceWeapon,MaterialWeapon,WeaponCrafted,WeaponCrafted,WeaponCrafted,InstrumentWeapon,InstrumentWeapon,ToolWeapon,MaterialWeapon,JunkWeapon,WeaponCrafted,WeaponCrafted,ToolWeapon,Hidden
Categories,Improvised;SmallBlunt,SmallBlunt,SmallBlunt,SmallBlunt,SmallBlunt,SmallBlunt,SmallBlunt,SmallBlunt,Axe,Improvised;SmallBlunt,Improvised;SmallBlunt,Improvised;SmallBlunt,Improvised;SmallBlunt,SmallBlunt,Improvised;SmallBlunt,Improvised;SmallBlunt,Improvised;SmallBlunt,SmallBlunt,SmallBlunt,Improvised;SmallBlunt,SmallBlunt,SmallBlunt,Improvised;SmallBlunt,Improvised;SmallBlunt,Improvised;SmallBlunt,Improvised;SmallBlunt,Improvised,Improvised;SmallBlunt,SmallBlunt,Improvised;SmallBlunt,Improvised;SmallBlunt,SmallBlunt,SmallBlunt,SmallBlunt,SmallBlunt,SmallBlunt,SmallBlunt,Improvised;SmallBlunt,Improvised;SmallBlunt,Improvised;SmallBlunt,SmallBlunt,Improvised;SmallBlunt,SmallBlunt,SmallBlunt,SmallBlunt,SmallBlunt,Axe,SmallBlade,Improvised;SmallBlunt,Improvised;SmallBlunt,Improvised;SmallBlunt,Improvised;SmallBlunt,SmallBlunt,Improvised;SmallBlunt,SmallBlade,Improvised;SmallBlunt,Improvised;SmallBlunt,Improvised;SmallBlunt,Improvised;SmallBlunt,Improvised;SmallBlunt,Axe,SmallBlunt,Improvised;SmallBlunt,Improvised;SmallBlunt,SmallBlunt,Improvised;SmallBlunt,Improvised;SmallBlunt,Improvised;SmallBlunt,Improvised;SmallBlunt,SmallBlunt,SmallBlunt,Improvised;SmallBlunt,Improvised;SmallBlunt,Blunt,Improvised;SmallBlunt,SmallBlunt,SmallBlunt,SmallBlunt,SmallBlunt,SmallBlunt,SmallBlunt,SmallBlunt,SmallBlunt,Improvised,Improvised;SmallBlunt,Improvised;SmallBlunt,Improvised;SmallBlunt,Improvised;SmallBlunt,Improvised;SmallBlunt,Axe,Improvised;SmallBlunt,Improvised;SmallBlunt,Blunt,SmallBlunt,SmallBlunt,Improvised;SmallBlunt,Improvised;SmallBlunt,Improvised;SmallBlunt,Improvised;SmallBlunt,SmallBlunt,Improvised;SmallBlunt
SubCategory,Swinging,Swinging,Swinging,Swinging,Swinging,Swinging,Swinging,Swinging,Swinging,Swinging,Swinging,Swinging,Swinging,Swinging,Swinging,Swinging,Swinging,Swinging,Swinging,Swinging,Swinging,Swinging,Swinging,Swinging,Swinging,Swinging,Swinging,Swinging,Swinging,Swinging,Swinging,Swinging,Swinging,Swinging,Swinging,Swinging,Swinging,Swinging,Swinging,Swinging,Swinging,Swinging,Swinging,Swinging,Swinging,Swinging,Swinging,Swinging,Swinging,Swinging,Swinging,Swinging,Swinging,Swinging,Stab,Swinging,Swinging,Swinging,Swinging,Swinging,Swinging,Swinging,Swinging,Swinging,Swinging,Swinging,Swinging,Swinging,Swinging,Swinging,Swinging,Swinging,Swinging,Swinging,Swinging,Swinging,Swinging,Swinging,Swinging,Swinging,Swinging,Swinging,Swinging,Swinging,Swinging,Swinging,Swinging,Swinging,Swinging,Swinging,Swinging,Swinging,Swinging,Swinging,Swinging,Swinging,Swinging,Swinging,Swinging,Swinging,Swinging
Tags,IsFireFuel;RepairWithTape,Hammer;BallPeenHammer;SmithingHammer;HasToolHead;KillAnimal;RepairWithTape;RepairWithGlue,Hammer;BallPeenHammer;SmithingHammer;HasToolHead;KillAnimal;RepairWithTape;RepairWithGlue,IsFireFuel;RepairWithTape,IsFireFuel;RepairWithGlue;RepairWithTape,IsFireFuel;HasMetal;RepairWithGlue;RepairWithTape,ClubHammer;KillAnimal,RepairWithGlue;RepairWithTape,HasMetal;RepairWithGlue;RepairWithTape,NoMaintenanceXp;IsFireFuel;RepairWithGlue;RepairWithTape,NoMaintenanceXp;IsFireFuel;RepairWithGlue;RepairWithTape,WoodHandle;AlreadyBroken;NoMaintenanceXp;IsFireFuel;RepairWithGlue;RepairWithTape,WoodHandle;AlreadyBroken;NoMaintenanceXp;IsFireFuel;RepairWithGlue;RepairWithTape,HasMetal;NoMaintenanceXp,HasMetal;CarpentryChisel;Sharpenable;SmeltableIronSmall,NoMaintenanceXp;IsFireFuel;RepairWithGlue;RepairWithTape,NoMaintenanceXp;IsFireFuel;RepairWithGlue;RepairWithTape,ClubHammer;HasToolHead;KillAnimal;RepairWithGlue;RepairWithTape,ClubHammer;HasToolHead;KillAnimal;RepairWithGlue;RepairWithTape,IsFireFuel,SmeltableIronSmall,SmeltableIronSmall,WoodHandle;NoMaintenanceXp;IsFireFuel;RepairWithGlue;RepairWithTape,IsFireFuel;HasMetal;RepairWithGlue;RepairWithTape,File;HasMetal;SmeltableIronSmall,SmeltableIronSmall,Stone;NoMaintenanceXp,,IsFireFuel;RepairWithGlue;RepairWithTape,IsFireFuel,HasMetal;NoMaintenanceXp;SmeltableIronSmall,IsFireFuel;RepairWithTape,IsFireFuel;RepairWithTape,IsFireFuel;RepairWithTape,Hammer;RemoveBarricade;HasToolHead;KillAnimal;RepairWithGlue;RepairWithTape,Hammer;RemoveBarricade;HasToolHead;KillAnimal;RepairWithGlue;RepairWithTape,Hammer;HammerStone;Crude;KillAnimal;RepairWithGlue;RepairWithTape,WoodHandle;NoMaintenanceXp;IsFireFuel;RepairWithGlue;RepairWithTape;BreakFiber,HasMetal;RepairWithGlue;RepairWithTape,WoodHandle;NoMaintenanceXp;IsFireFuel;RepairWithGlue;RepairWithTape,HasMetal;IronMaterial;BarStockHalf;NoMaintenanceXp;SmeltableIronMedium,HasMetal;NoMaintenanceXp;SmeltableIronMedium,HasMetal;SteelMaterial;NoMaintenanceXp;SmeltableIronSmall,RepairWithGlue;RepairWithTape,IgnoreZombieDensity;RepairWithGlue;RepairWithTape,RepairWithGlue;RepairWithTape,HasMetal;RepairWithGlue;RepairWithTape,HasMetal;SmeltableIronMedium,HasMetal;NoMaintenanceXp;KillAnimal;SmeltableIronSmall,WoodHandle;AlreadyBroken;NoMaintenanceXp;IsFireFuel;RepairWithGlue;RepairWithTape,WoodHandle;AlreadyBroken;NoMaintenanceXp;IsFireFuel;HasMetal;RepairWithGlue;RepairWithTape,WoodHandle;AlreadyBroken;NoMaintenanceXp;IsFireFuel;RepairWithGlue;RepairWithTape,IgnoreZombieDensity;HasMetal;HasToolHead;RepairWithGlue;RepairWithTape;SmeltableIronMedium,HasMetal;MasonsChisel;Sharpenable;SmeltableIronSmall,MasonsTrowel,HasMetal;NoMaintenanceXp;KillAnimal;SmeltableIronMedium,HasMetal;NoMaintenanceXp;KillAnimal;SmeltableIronMedium,HasMetal;NoMaintenanceXp;KillAnimal;SmeltableIronSmall,HasMetal;MetalworkingChisel;Sharpenable;SmeltableIronSmall,HasMetal;MetalworkingPunch;Sharpenable;SmeltableIronSmall,HasMetal;RepairWithEpoxy;SmeltableIronMedium,IsFireFuel;RepairWithGlue;RepairWithTape,HasMetal;NoMaintenanceXp;SmeltableIronMedium,HasMetal;NoMaintenanceXp;SmeltableIronMedium,KillAnimal;PipeWrench;SmeltableIronMedium,AlreadyBroken;NoMaintenanceXp;IsFireFuel;RepairWithGlue;RepairWithTape,AlreadyBroken;NoMaintenanceXp;IsFireFuel;RepairWithGlue;RepairWithTape,NoMaintenanceXp;IsFireFuel;RepairWithTape;RepairWithGlue,HasMetal;RepairWithTape;RepairWithGlue,Wrench,RollingPin;NoMaintenanceXp;IsFireFuel;RepairWithGlue,Cookable;HasMetal;NoMaintenanceXp;SmeltableIronSmall,Cookable;HasMetal;NoMaintenanceXp,HasMetal;RepairWithTape,SheetMetalSnips;HasMetal;CanOpener;SmeltableIronSmall,Mallet;WoodHandle;IsFireFuel;RepairWithGlue;RepairWithTape;BreakFiber,HasMetal;RepairWithGlue;RepairWithTape,IsFireFuel;RepairWithGlue;RepairWithTape,RepairWithGlue;RepairWithTape,Hammer;HasToolHead;KillAnimal;SmithingHammer;RepairWithGlue;RepairWithTape,IgnoreZombieDensity;HasMetal;RepairWithGlue;RepairWithTape,HasMetal;SteelMaterial;BarStockHalf;NoMaintenanceXp;SmeltableIronMedium,HasMetal;SteelMaterial;NoMaintenanceXp;SmeltableIronSmall,HammerStone;Stone;NoMaintenanceXp,WoodHandle;AlreadyBroken;NoMaintenanceXp;IsFireFuel;RepairWithGlue;RepairWithTape,WoodHandle;AlreadyBroken;NoMaintenanceXp;IsFireFuel;RepairWithGlue;RepairWithTape,IsFireFuel;RepairWithTape,LugWrench;RemoveBarricade;PryBar;SmeltableIronMedium,WoodHandle;NoMaintenanceXp;IsFireFuel;RepairWithGlue;RepairWithTape,RepairWithGlue;RepairWithTape,HasMetal;RepairWithGlue;RepairWithTape,IsFireFuel;RepairWithGlue;RepairWithTape,HasMetal;RepairWithTape,IsFireFuel;RepairWithTape,Mallet;IsFireFuel;RepairWithGlue;RepairWithTape,WoodHandle;NoMaintenanceXp;IsFireFuel;RepairWithGlue;RepairWithTape;BreakFiber,NoMaintenanceXp;IsFireFuel;RepairWithGlue;RepairWithTape,WoodHandle;NoMaintenanceXp;IsFireFuel;RepairWithGlue;RepairWithTape,WoodHandle;NoMaintenanceXp;IsFireFuel;HasMetal;RepairWithGlue;RepairWithTape,HasMetal;Wrench;SmeltableIronSmall,
Type,Weapon,Weapon,Weapon,Weapon,Weapon,Weapon,Weapon,Weapon,Weapon,Weapon,Weapon,Weapon,Weapon,Weapon,Weapon,Weapon,Weapon,Weapon,Weapon,Weapon,Weapon,Weapon,Weapon,Weapon,Weapon,Weapon,Weapon,Weapon,Weapon,Weapon,Weapon,Weapon,Weapon,Weapon,Weapon,Weapon,Weapon,Weapon,Weapon,Weapon,Weapon,Weapon,Weapon,Weapon,Weapon,Weapon,Weapon,Weapon,Weapon,Weapon,Weapon,Weapon,Weapon,Weapon,Weapon,Weapon,Weapon,Weapon,Weapon,Weapon,Weapon,Weapon,Weapon,Weapon,Weapon,Weapon,Weapon,Weapon,Weapon,Weapon,Weapon,Weapon,Weapon,Weapon,Weapon,Weapon,Weapon,Weapon,Weapon,Weapon,Weapon,Weapon,Weapon,Weapon,Weapon,Weapon,Weapon,Weapon,Weapon,Weapon,Weapon,Weapon,Weapon,Weapon,Weapon,Weapon,Weapon,Weapon,Weapon,Weapon,Weapon
StaticModel,,,,,,,,,,,,,,,,,,,,,,,,,,,,,,,,,,,,,,,,,,,,,,,,,,,,,,,,,,,,,,,,,,,,,,,,SaucePan,SaucePanCopper,,,,,,,,,,,,,,,,,,,,,,,,,,,,
WeaponSprite,BadmintonRacket,,BallPeenHammerForged,Banjo_Broken,BaseballBat_Broken,BaseballBat_Broken_Nails,BlockMace,BoneClub,BoneClub_Spiked,BowlingPin,BowlingPin_Nails,LargeBranch_Broken,LargeBranch_Broken_Nails,BrassNameplate,CarpentryChisel,ChairLeg,ChairLeg_Nails,,ClubHammerForged,Drumstick,DumbBell,DumbBell_Forged,FieldHockeyStick_Broken,FieldHockeyStick_Broken_Nails,MetalworkingFile,FireplacePoker,FlintNodule,Flute,GardenToolHandle_Broken,Gavel,GridlePan,GuitarAcoustic_Broken,GuitarElectricBass_Broken,GuitarElectric_Broken,,HammerForged,StoneHammer,Handle_Hand,Handle_Can,HandleNailSpike,IronBarStockHalf,IronRod,IronRod_Half,JawboneBovide,JawboneBovide_Club,LargeBoneClub,LargeBoneClub_Spiked,LargeHook,LeadPipe,LongHandleBroken,LongHandleBroken_Nails,LongShaftBroken,Mace,MasonsChisel,MasonsTrowel,SteelRod,LeadPipe,MetalPipe_Broken,MetalworkingChisel,MetalworkingPunch,Morningstar_Scrap_Short,Nightstick,FryingPan,FryingPanForged,PipeWrench,Plank_Broken,Plank_Broken_Nails,Plunger,Plunger_BarbedWire,Ratchet,RollingPin,SaucePan,SaucePanCopper,Saxophone,SheetMetalSnips_Closed,ShortBat,ShortBat_Can,NailSpikeClub,ShortBat_RakeHead,SmithingHammer,SpikedClub,SteelBarStockHalf,SteelRod_Half,Stone_Hand,TableLeg_Broken,TableLeg_Broken_Nails,TennisRacket,TireIron,TreeBranch_Hand,TreeBranch_Bone,TreeBranch_Can,TreeBranch_Nailspike,Trumpet,Violin,WoodenMallet,WoodenStick_Hand,WoodenStick_Broken,WoodenStick_Broken_Nails,WoodenStick_Nails,Wrench,YardstickDEBUG
WeaponSpritesByIndex,,BallPeenHammer;BallPeenHammerForged,,,,,,,,,,,,,,,,ClubHammer;ClubHammerForged,,,,,,,,,,,,,,,,,Hammer;HammerForged,,,,,,,,,,,,,,,,,,,,,,,,,,,,,,,,,,,,,,,,,,,,,,,,,,,,,,,,,,,,,,,,,,
WorldStaticModel,,,,,,,,,,,,,,,,,,,,,,,,,,,FlintNodule_Ground,,,,,,,,,,,,,,,,,,,,,,,,,,,,,,,,,,,,,,,,,,,Ratchet_Set,,,,,SheetMetalSnips_Open,,,,,,,,,Stone,,,,,,,,,,,,,,,,,
WorldStaticModelsByIndex,,,,,,,,,,,,,,,,,,,,,,,,,,,,,,,,,,,,,,,,,,,,,,,,,,,,,,,,,,,,,,,,,,,,,,,,,,,,,,,,,,,,,,,,,,,,,,,,,,,,,
AttachmentType,Racket,Hammer,Hammer,BigWeapon,Shovel,Shovel,Hammer,Hammer,BigWeapon,BigWeapon,BigWeapon,BigBlade,BigBlade,Wrench,,BigWeapon,BigWeapon,Hammer,Hammer,,,,Shovel,Shovel,,BigWeapon,,NotKnife,Nightstick,,Saucepan,BigWeapon,BigWeapon,BigWeapon,Hammer,Hammer,Hammer,NotKnife,Hammer,Shovel,Wrench,BigWeapon,Wrench,BigWeapon,BigWeapon,BigWeapon,BigWeapon,Hammer,BigWeapon,Shovel,Shovel,,Shovel,,NotKnife,BigWeapon,BigWeapon,BigWeapon,,,Shovel,Nightstick,Pan,Pan,Wrench,BigWeapon,BigWeapon,BigWeapon,BigWeapon,Wrench,BigWeapon,Saucepan,Saucepan,BigWeapon,Hammer,Nightstick,BigWeapon,Shovel,BigWeapon,Hammer,Shovel,Wrench,Wrench,,Shovel,Shovel,Racket,BigWeapon,BigWeapon,BigWeapon,BigWeapon,BigWeapon,BigWeapon,,Hammer,BigWeapon,NotKnife,Shovel,BigWeapon,Wrench,
IdleAnim,,Idle_Weapon2,Idle_Weapon2,Idle_Weapon2,Idle_Weapon2,Idle_Weapon2,Idle_Weapon2,Idle_Weapon2,Idle_Weapon2,,,,,,Idle_Weapon2,,,Idle_Weapon2,Idle_Weapon2,,Idle_Weapon2,Idle_Weapon2,Idle_Weapon2,Idle_Weapon2,Idle_Weapon2,Idle_Weapon2,Idle_Weapon2,,Idle_Weapon2,,Idle_Weapon2,Idle_Weapon2,Idle_Weapon2,Idle_Weapon2,Idle_Weapon2,Idle_Weapon2,Idle_Weapon2,,,,,Idle_Weapon2,,Idle_Weapon2,Idle_Weapon2,Idle_Weapon2,Idle_Weapon2,,Idle_Weapon2,,,Idle_Weapon2,Idle_Weapon2,Idle_Weapon2,,Idle_Weapon2,Idle_Weapon2,Idle_Weapon2,Idle_Weapon2,Idle_Weapon2,,Idle_Weapon2,Idle_Weapon2,Idle_Weapon2,,,,,,,Idle_Weapon2,,,,Idle_Weapon2,Idle_Weapon2,Idle_Weapon2,Idle_Weapon2,Idle_Weapon2,Idle_Weapon2,Idle_Weapon2,,,Idle_Weapon2,,,,Idle_Weapon2,Idle_Weapon2,Idle_Weapon2,Idle_Weapon2,Idle_Weapon2,,,Idle_Weapon2,Idle_Weapon2,,,Idle_Weapon2,,
RunAnim,,Run_Weapon2,Run_Weapon2,Run_Weapon2,Run_Weapon2,Run_Weapon2,Run_Weapon2,Run_Weapon2,Run_Weapon2,,,,,,Run_Weapon2,,,Run_Weapon2,Run_Weapon2,,Run_Weapon2,Run_Weapon2,Run_Weapon2,Run_Weapon2,Run_Weapon2,Run_Weapon2,Run_Weapon2,,Run_Weapon2,,Run_Weapon2,Run_Weapon2,Run_Weapon2,Run_Weapon2,Run_Weapon2,Run_Weapon2,Run_Weapon2,,,,,Run_Weapon2,,Run_Weapon2,Run_Weapon2,Run_Weapon2,Run_Weapon2,,Run_Weapon2,,,Run_Weapon2,Run_Weapon2,Run_Weapon2,,Run_Weapon2,Run_Weapon2,Run_Weapon2,Run_Weapon2,Run_Weapon2,,Run_Weapon2,Run_Weapon2,Run_Weapon2,,,,,,,Run_Weapon2,,,,Run_Weapon2,Run_Weapon2,Run_Weapon2,Run_Weapon2,Run_Weapon2,Run_Weapon2,Run_Weapon2,,,Run_Weapon2,,,,Run_Weapon2,Run_Weapon2,Run_Weapon2,Run_Weapon2,Run_Weapon2,,,Run_Weapon2,Run_Weapon2,,,Run_Weapon2,,
SwingAnim,Bat,Bat,Bat,Bat,Bat,Bat,Bat,Bat,Bat,Bat,Bat,Bat,Bat,Bat,Bat,Bat,Bat,Bat,Bat,Bat,Bat,Bat,Bat,Bat,Bat,Bat,Stone,Bat,Bat,Bat,Bat,Bat,Bat,Bat,Bat,Bat,Bat,Bat,Bat,Bat,Bat,Bat,Bat,Bat,Bat,Bat,Bat,Bat,Bat,Bat,Bat,Bat,Bat,Bat,Stab,Bat,Bat,Bat,Bat,Bat,Bat,Bat,Bat,Bat,Bat,Bat,Bat,Bat,Bat,Bat,Bat,Bat,Bat,Bat,Bat,Bat,Bat,Bat,Bat,Bat,Bat,Bat,Bat,Stone,Bat,Bat,Bat,Bat,Bat,Bat,Bat,Bat,Bat,Bat,Bat,Bat,Bat,Bat,Bat,Bat,Bat
CloseKillMove,,,,,,,,,,,,,,,,,,,,,,,,,,,,,,,,,,,,,,,,,,,,,,,,,,,,,,,Jaw_Stab,,,,,,,,,,,,,,,,,,,,,,,,,,,,,,,,,,,,,,,,,,,,,,
TwoHandWeapon,,,,,,,,,,,,,,,,,,,,,,,,,,,,,,,,,,,,,,,,,,,,,,,,,,,,,,,,,,,,,,,,,,,,,,,,,,,,,,,,,,,,,,,,,,,,,,,,,,,,,
RequiresEquippedBothHands,,,,,,,,,,,,,,,,,,,,,,,,,,,,,,,,,,,,,,,,,,,,,,,,,,,,,,,,,,,,,,,,,,,,,,,,,,,,,,,,,,,,,,,,,,,,,,,,,,,,,
AimingMod,,,,,,,,,,,,,,,,,,,,,,,,,,,,,,,,,,,,,,,,,,,,,,,,,,,,,,,,,,,,,,,,,,,,,,,,,,,,,,,,,,,,,,,,,,,,,,,,,,,,,
IsAimedHandWeapon,,,,,,,,,,,,,,,,,,,,,,,,,,,,,,,,,,,,,,,,,,,,,,,,,,,,,,,,,,,,,,,,,,,,,,,,,,,,,,,,,,,,,,,,,,,,,,,,,,,,,
SwingAmountBeforeImpact,0.02,0.02,0.02,0.02,0.02,0.02,0.02,0.02,0.02,0.02,0.02,0.02,0.02,0.02,0.02,0.02,0.02,0.02,0.02,0.02,0.02,0.02,0.02,0.02,0.02,0.02,0.02,0.02,0.02,0.02,0.02,0.02,0.02,0.02,0.02,0.02,0.02,0.02,0.02,0.02,0.02,0.02,0.02,0.02,0.02,0.02,0.02,0.02,0.02,0.02,0.02,0.02,0.02,0.02,0.02,0.02,0.02,0.02,0.02,0.02,0.02,0.02,0.02,0.02,0.02,0.02,0.02,0.02,0.02,0.02,0.02,0.02,0.02,0.02,0.02,0.02,0.02,0.02,0.02,0.02,0.02,0.02,0.02,0.02,0.02,0.02,0.02,0.02,0.02,0.02,0.02,0.02,0.02,0.02,0.02,0.02,0.02,0.02,0.02,0.02,0.02
SwingTime,4,3,3,3,3,3,3,3,3,4,4,4,4,4,2,4,4,3,3,4,3,3,4,4,2,2,2,4,3,4,3,3,3,3,3,3,3,4,4,4,4,2,4,3,3,3,3,4,2,4,4,2,3,2,4,2,2,2,2,2,4,2,3,3,4,4,4,4,4,4,3,2,2,4,2,3,3,3,3,3,3,4,4,2,4,4,4,2,2,2,2,2,4,4,3,2,4,4,2,4,4
MinimumSwingTime,4,3,3,3,3,3,3,3,3,4,4,4,4,4,2,4,4,3,3,4,3,3,4,4,2,2,2,4,3,4,3,3,3,3,3,3,3,4,4,4,4,2,4,3,3,3,3,4,2,4,4,2,3,2,4,2,2,2,2,2,4,2,3,3,4,4,4,4,4,4,3,2,2,4,2,3,3,3,3,3,3,4,4,2,4,4,4,2,2,2,2,2,4,4,3,2,4,4,2,4,4
CanBarricade,,TRUE,TRUE,,,,TRUE,,,,,,,,,,,TRUE,TRUE,,TRUE,TRUE,,,,,,,,,,,,,TRUE,TRUE,TRUE,,,,,,,,,,,,,,,,,,,,,,,,,,,,,,,,,,,,,,,,,,,TRUE,,,,,,,,,,,,,,,TRUE,,,,,,
CanStoreWater,,,,,,,,,,,,,,,,,,,,,,,,,,,,,,,,,,,,,,,,,,,,,,,,,,,,,,,,,,,,,,,,,,,,,,,,TRUE,TRUE,,,,,,,,,,,,,,,,,,,,,,,,,,,,
CantAttackWithLowestEndurance,,,,,,,,,,,,,,,,,,,,,,,,,,,,,,,,,,,,,,,,,,,,,,,,,,,,,,,,,,,,,,,,,,,,,,,,,,,,,,,,,,,,,,,,,,,,,,,,,,,,,
SurvivalGear,,,,,,,,,,,,,,,,,,,,,,,,,,,,,,,,,,,,,,,,,,,,,,,,,,,,,,,,,,,,,,,,,,,,,,,,,,,,,,,,,,,,,,,,,,,,,,,,,,,,,
DamageMakeHole,,,,TRUE,TRUE,TRUE,,,,,TRUE,,,,,,TRUE,,,,,,,TRUE,,TRUE,,,TRUE,,,TRUE,TRUE,TRUE,,,,,TRUE,TRUE,,,,,,,,TRUE,,,,,TRUE,,,,,,,,TRUE,,,,,,,,TRUE,,,,,,,,TRUE,TRUE,TRUE,,TRUE,,,,,,,,,,TRUE,,,,,,,TRUE,TRUE,,
AlwaysKnockdown,,,,,,,,,,,,,,,,,,,,,,,,,,,,,,,,,,,,,,,,,,,,,,,,,,,,,,,,,,,,,,,,,,,,,,,,,,,,,,,,,,,,,,,,,,,,,,,,,,,,,
KnockBackOnNoDeath,FALSE,TRUE,TRUE,TRUE,TRUE,TRUE,TRUE,TRUE,TRUE,FALSE,FALSE,FALSE,FALSE,FALSE,FALSE,FALSE,FALSE,TRUE,TRUE,FALSE,TRUE,TRUE,FALSE,FALSE,FALSE,FALSE,FALSE,FALSE,TRUE,FALSE,True,TRUE,TRUE,TRUE,TRUE,TRUE,TRUE,FALSE,FALSE,FALSE,FALSE,FALSE,FALSE,TRUE,TRUE,TRUE,TRUE,FALSE,FALSE,FALSE,FALSE,FALSE,TRUE,FALSE,FALSE,FALSE,FALSE,FALSE,FALSE,FALSE,FALSE,FALSE,True,True,FALSE,FALSE,FALSE,FALSE,FALSE,FALSE,,FALSE,FALSE,FALSE,FALSE,TRUE,TRUE,TRUE,TRUE,TRUE,TRUE,FALSE,FALSE,FALSE,FALSE,FALSE,FALSE,FALSE,FALSE,FALSE,FALSE,FALSE,FALSE,FALSE,TRUE,FALSE,FALSE,FALSE,FALSE,FALSE,FALSE
KnockdownMod,2,0,0,0,0,0,0,0,0,2,2,2,2,2,0,2,2,0,0,2,0,0,2,2,0,0,0,2,0,2,1.3,0,0,0,0,0,0,2,2,2,2,0,2,0,0,0,0,2,0,2,2,0,0,0,2,0,0,0,0,0,2,0,1.3,1.3,2,2,2,2,2,2,0,0,0,2,0,0,0,0,0,0,0,2,2,0,2,2,2,0,0,0,0,0,2,2,0,0,2,2,0,2,2
BaseSpeed,1.2,1,1.5,1.1,1.1,1.1,1,1.1,1.1,1.2,1.2,1.2,1.2,1,0.95,1.1,1.1,1,1,1.3,0.90,0.90,1,1,0.95,0.95,0.9,1.3,1.1,1.3,1,1.1,1.1,1.1,1,1,1,1.2,1.2,1.15,1,0.95,1,1.1,1.1,1.1,1.1,1.1,0.93,1.2,1.2,1.2,1,0.95,,0.95,0.95,0.95,0.95,0.95,0.95,1,1,1,1,1.2,1.2,1.2,1.2,1,1.2,1,1,0.9,0.95,1.1,1.1,1.05,1.05,1,1,1,1,0.9,1.2,1.2,1.1,0.95,1,1,1,1,1,1.2,1.1,1,1.2,1.15,1,1,1.3
ConditionLowerChanceOneIn,3,30,30,10,5,5,25,5,5,5,5,3,3,5,15,2,2,25,25,1,25,25,5,5,15,15,5,1,10,1,12,10,10,10,30,30,5,5,8,3,15,15,15,5,10,5,5,5,20,3,3,2,20,15,9,15,15,15,15,15,10,20,12,12,25,3,3,2,4,10,14,10,10,2,10,15,20,10,10,30,15,15,15,5,3,3,6,10,5,5,8,5,2,1,20,5,5,3,5,15,1
ConditionMax,4,10,10,10,5,5,10,5,5,10,10,5,3,4,8,3,3,10,10,1,10,10,10,10,8,8,4,1,10,1,10,10,10,10,10,10,5,10,15,10,8,8,8,5,10,5,5,5,15,10,10,4,15,8,6,8,8,8,8,8,10,15,10,10,10,10,10,3,6,9,8,5,5,5,8,10,15,15,15,10,10,8,8,4,10,10,4,10,5,5,8,5,5,1,8,5,5,10,5,9,1
critDmgMultiplier,,,,,,,,,,,,,,,,,,,,,,,,,,,,,,,,,,,,,,,,,,,,,,,,,,,,,,,,,,,,,5,,,,,,,,,,,,,,,,,,,,,,,,,,,,,,,,,,,,,,,,
CriticalChance,0,20,20,25,25,25,20,25,25,5,5,5,5,20,30,5,5,20,20,0,25,25,25,30,30,35,20,0,25,0,30,25,25,25,20,20,15,5,10,5,20,30,20,25,30,25,25,15,30,5,5,20,40,30,30,30,30,30,30,30,30,25,30,30,25,5,5,5,5,20,15,30,30,70,5,25,30,20,20,20,30,20,20,20,5,5,5,30,25,25,30,25,20,5,17,25,5,5,25,20,0
DamageCategory,,,,,,,,,,,Slash,,,,,,Slash,,,,,,,Slash,,,,,,,,,,,,,,,,Slash,,,,,,,,Slash,,,,,Slash,,,,,,,,Slash,,,,,,,,Slash,,,,,,,,,,,,Slash,,,,,,,,,,,,,,,,,,,,
DigType,,,,,,,,,,,,,,,,,,,,,,,,,,,,,,,,,,,,,,,,,,,,,,,,,,,,,,,,,,,,,,,,,,,,,,,,,,,,,,,,,,,,,,,,,,,,,,,,,,,,,
DoorDamage,2,9,9,5,3,3,9,5,5,1,1,2,2,10,1,5,5,9,9,0,9,9,1,2,1,1,2,0,5,0,3,5,5,5,9,9,2,1,2,4,10,1,10,5,5,5,5,5,1,2,2,1,9,1,5,1,1,1,1,1,5,1,3,3,10,2,2,0,0,10,5,1,1,5,1,5,7,7,7,9,9,10,10,2,2,2,2,1,1,1,2,1,5,5,9,1,1,4,1,10,0
EnduranceMod,,,,,,,,,,,,,,,,,,,,,,,,,,,2,,,,1.3,,,,,,,,,,,,,,,,,,,,,,,,,,,,,,,,1.3,1.3,,,,,,,1.4,,,,,,,,,,,,,2,,,,,,,,,,,,,,,,,
HeadCondition,,10,10,,,,,,,,,,,,,,,10,10,,,,,,,,,,,,,,,,10,10,8,,,,,,,,5,,,,,,,,15,,,,,,,,,,,,,,,,,,,,,,,,,,,10,,,,,,,,,,,,,,,,,,,,,
HeadConditionLowerChanceMultiplier,,2,2,,,,,,,,,,,,,,,2,2,,,,,,,,,,,,,,,,2,2,1,,,,,,,,2,,,,,,,,1.5,,,,,,,,,,,,,,,,,,,,,,,,,,,2,,,,,,,,,,,,,,,,,,,,,
HeadConditionMax,,,,,,,,,,,,,,,,,,,,,,,,,,,,,,,,,,,,,8,,,,,,,,,,,,,,,,,,,,,,,,,,,,,,,,,,,,,,,,,,,,,,,,,,,,,,,,,,,,,,,,
HitAngleMod,,,,,,,,,,,,,,,,,,,,,,,,,,,,,,,,,,,,,,,,,,,,,,,,,,,,,,,,,,,,,-30,,,,,,,,,,-30,,,,,,,,,,,,,,,,,,,,,,,,,,,,,,
MaxDamage,0.2,1,1,1.1,1.1,1.1,1,1.1,1.1,0.5,0.7,0.8,0.8,0.8,0.8,0.8,0.8,1,1,0.2,1,1,0.7,1.3,0.8,1.1,0.7,0.2,1.1,0.2,0.45,1.1,1.1,1.1,1,1,0.7,0.5,0.6,0.7,1,1.1,1,1.1,1.1,1.1,1.1,1.2,1.2,0.8,0.8,0.5,1.3,0.8,0.4,1.1,1,1,0.8,0.8,1.5,1.1,0.5,0.5,1,0.8,0.8,0.5,0.75,1,0.5,0.7,0.7,0.8,0.8,1.1,1.2,1.5,1.5,1,1.2,1,1,0.7,0.8,0.8,0.5,1,1.0,1.0,1.1,1.0,0.8,0.4,0.9,0.8,0.5,0.7,0.9,1,0.2
MinDamage,0.1,0.5,0.5,0.6,0.6,0.6,0.5,0.5,0.5,0.3,0.4,0.4,0.4,0.4,0.4,0.4,0.4,0.5,0.5,0.1,0.5,0.5,0.3,0.5,0.4,0.7,0.4,0.1,0.6,0.1,0.25,0.6,0.6,0.6,0.5,0.5,0.3,0.3,0.4,0.4,0.5,0.7,0.5,0.5,0.6,0.5,0.5,0.6,0.7,0.4,0.4,0.2,0.7,0.4,0.2,0.7,0.6,0.6,0.4,0.4,0.7,0.6,0.3,0.3,0.5,0.4,0.4,0.3,0.45,0.5,0.2,0.2,0.2,0.4,0.4,0.6,0.7,0.8,0.8,0.5,0.6,0.5,0.5,0.4,0.4,0.4,0.3,0.5,0.5,0.5,0.6,0.5,0.4,0.2,0.4,0.4,0.3,0.4,0.5,0.5,0.1
MaxHitCount,2,1,1,1,1,1,1,1,1,2,2,2,2,2,2,2,2,1,1,2,1,1,2,2,2,2,1,2,1,2,1,1,1,1,1,1,1,2,2,2,2,2,2,1,1,1,1,2,2,2,2,2,1,2,2,2,2,2,2,2,2,2,1,1,2,2,2,2,2,2,2,2,2,2,2,1,1,1,1,1,1,2,2,1,2,2,2,2,2,2,2,2,2,2,1,2,2,2,2,2,2
MaxRange,1.25,1,1,1.23,1.23,1.23,1,1.1,1.1,0.9,0.9,1.1,1.1,1.1,1.2,1,1,1,1,0.9,1,1,1.22,1.25,1.2,1.2,0.8,0.9,1.23,0.9,1.1,1.23,1.23,1.23,1.1,1.1,1.05,1.1,1.1,1.13,1.1,1.2,1.1,1.1,1.23,1.1,1.1,0.8,1.15,1.1,1.1,1.3,1.2,1.2,0.9,1.2,1.2,1.2,1.2,1.2,1.1,1.2,1.1,1.1,1.1,1.1,1.1,1.1,1.1,1.1,1.1,1,1,1.2,1.2,1.23,1.26,1.23,1.23,1.1,1.2,1.1,1.1,0.8,1.1,1.1,1.25,1.2,1.1,1.1,1.13,1.1,1.15,1,1,1.3,1.1,1.13,1.33,1.1,0.9
MinRange,0.61,0.61,0.61,0.61,0.61,0.61,0.61,0.61,0.61,0.61,0.61,0.61,0.61,0.61,0.61,0.61,0.61,0.61,0.61,0.61,0.61,0.61,0.61,0.61,0.61,0.61,0.61,0.61,0.61,0.61,0.61,0.61,0.61,0.61,0.61,0.61,0.61,0.61,0.61,0.61,0.61,0.61,0.61,0.61,0.61,0.61,0.61,0.61,0.61,0.61,0.61,0.61,0.61,0.61,0.61,0.61,0.61,0.61,0.61,0.61,0.61,0.61,0.61,0.61,0.61,0.61,0.61,0.61,0.61,0.61,0.61,0.61,0.61,0.61,0.61,0.61,0.61,0.61,0.61,0.61,0.61,0.61,0.61,0.61,0.61,0.61,0.61,0.61,0.61,0.61,0.61,0.61,0.61,0.61,0.61,0.61,0.61,0.61,0.61,0.61,0.61
MinAngle,0.75,0.65,0.65,0.65,0.65,0.65,0.65,0.65,0.65,0.65,0.65,0.65,0.65,0.67,0.72,0.65,0.65,0.65,0.65,0.65,0.65,0.65,0.65,0.65,0.72,0.72,0.72,0.65,0.65,0.65,0.67,0.65,0.65,0.65,0.67,0.67,0.65,0.65,0.65,0.65,0.67,0.72,0.67,0.65,0.65,0.65,0.65,0.67,0.7,0.65,0.65,0.85,0.65,0.72,0.65,0.72,0.72,0.72,0.72,0.72,0.67,0.72,0.67,0.67,0.67,0.65,0.65,0.65,0.65,0.67,0.67,0.65,0.65,0.72,0.72,0.65,0.65,0.65,0.65,0.67,0.65,0.67,0.67,0.72,0.65,0.65,0.75,0.72,0.72,0.72,0.72,0.72,0.67,0.65,0.65,0.72,0.65,0.65,0.72,0.67,0.65
MetalValue,,25,25,,,,25,,,,,,,,,,,25,25,,25,25,,,,,,,,,20,,,,25,25,,,,,,,,,,,,,,,,,25,,,,,,,,,,20,20,,,,,,,,30,30,,,,,,,25,25,,,,,,,,,,,,,,25,,,,,,
PushBackMod,0.3,0.5,0.5,0.5,0.5,0.5,0.5,0.5,0.5,0.3,0.3,0.3,0.3,0.3,0.23,0.3,0.3,0.5,0.5,0.3,0.5,0.5,0.3,0.3,0.23,0.3,0.3,0.3,0.5,0.3,0.5,0.5,0.5,0.5,0.5,0.5,0.5,0.3,0.3,0.3,0.3,0.3,0.3,0.5,0.5,0.5,0.5,0.3,0.3,0.3,0.3,0.3,0.5,0.23,0.3,0.3,0.3,0.3,0.23,0.23,0.3,0.3,0.5,0.5,0.3,0.3,0.3,0.3,0.3,0.3,0.5,0.3,0.3,0.3,0.23,0.5,0.5,0.5,0.5,0.5,0.5,0.3,0.3,0.3,0.3,0.3,0.3,0.3,0.3,0.3,0.3,0.3,0.3,0.3,0.5,0.3,0.3,0.3,0.3,0.3,0.3
RainFactor,,,,,,,,,,,,,,,,,,,,,,,,,,,,,,,,,,,,,,,,,,,,,,,,,,,,,,,,,,,,,,,,,,,,,,,,0.5,0.6,,,,,,,,,,,,,,,,,,,,,,,,,,,,
ReplaceOnUseOn,,,,,,,,,,,,,,,,,,,,,,,,,,,,,,,,,,,,,,,,,,,,,,,,,,,,,,,,,,,,,,,,,,,,,,,,WaterSource-WaterSaucepan,WaterSource-WaterSaucepan,,,,,,,,,,,,,,,,,,,,,,,,,,,,
Sharpness,,,,,,,,,,,,,,,,,,,,,,,,,,,,,,,,,,,,,,,,,,,,,,,,,,,,,,,,,,,,,,,,,,,,,,,,,,,,,,,,,,,,,,,,,,,,,,,,,,,,,
TreeDamage,0,0,0,0,0,0,0,0,0,0,0,0,0,0,0,0,0,0,0,0,0,0,0,0,0,0,0,0,0,0,0,0,0,0,0,0,0,0,0,0,0,0,0,0,0,0,0,0,0,0,0,0,0,0,0,0,0,0,0,0,1,0,0,0,0,0,0,0,0,0,0,0,0,0,0,0,0,0,0,0,0,0,0,0,0,0,0,0,0,0,0,0,0,0,0,0,0,0,0,0,0
WeaponLength,,0.23,0.23,0.35,0.35,0.35,0.29,0.23,0.23,0.23,0.23,0.23,0.23,0.23,0.25,,,0.23,0.23,,0.2,0.2,,,0.25,0.35,,,0.35,,0.20,0.35,0.35,0.35,0.23,0.23,0.23,0.23,0.23,0.23,0.23,0.4,0.23,0.23,0.35,0.23,0.23,0.15,0.35,0.23,0.23,0.35,0.35,0.25,0.2,0.4,0.35,0.35,0.25,0.25,0.35,0.45,0.21,0.21,0.3,0.23,0.23,,,0.23,0.28,0.2,0.2,,0.25,0.35,0.35,0.35,0.35,0.23,0.35,0.23,0.23,,0.23,0.23,,0.35,0.35,0.35,0.35,0.35,,,0.23,0.55,0.23,0.23,0.55,0.23,0.23
WeaponWeight,,,,,,,,,,,,,,,,,,,,,,,,,,,,,,,,,,,,,,,,,,,,,,,,,,,,,,,3,,,,,,,,,,,,,,,,,,,,,,,,,,,,,,,,,,,,,,,,,,,,,,
Weight,1,1.5,1,1.5,1.5,1.5,3,1.5,2,1,1,1.5,1.5,1,1,1,1,2,2,0.5,5,5,2,2,1,1.5,1,1,1.5,0.5,1.2,1.5,1.5,1.5,1.5,1.5,2,1,1.25,1,1,1.5,0.75,1.5,1.5,2,2.5,2,1.5,1,1,2,2.5,1,1,1.5,1.5,1.5,1,1,2.25,1.5,1.5,1.5,1.5,1,1,0.5,0.5,1,1.5,0.7,0.7,3,1,1.5,2,1.5,1.5,1.5,2,1,0.75,1,1.5,1.5,1,1.5,2,2,2.5,2,1,0.7,1.5,2,1,1,2,1,3
SplatBloodOnNoDeath,FALSE,TRUE,TRUE,FALSE,TRUE,TRUE,TRUE,FALSE,FALSE,FALSE,TRUE,FALSE,FALSE,FALSE,FALSE,FALSE,FALSE,TRUE,TRUE,FALSE,TRUE,TRUE,FALSE,TRUE,FALSE,FALSE,FALSE,FALSE,FALSE,FALSE,FALSE,FALSE,FALSE,FALSE,TRUE,TRUE,TRUE,FALSE,TRUE,TRUE,FALSE,FALSE,FALSE,FALSE,FALSE,FALSE,FALSE,FALSE,FALSE,FALSE,FALSE,FALSE,TRUE,FALSE,FALSE,FALSE,FALSE,FALSE,FALSE,FALSE,FALSE,FALSE,FALSE,FALSE,FALSE,FALSE,FALSE,FALSE,TRUE,FALSE,,FALSE,FALSE,FALSE,FALSE,FALSE,TRUE,TRUE,TRUE,TRUE,TRUE,FALSE,FALSE,FALSE,FALSE,FALSE,FALSE,FALSE,FALSE,FALSE,TRUE,FALSE,FALSE,FALSE,FALSE,FALSE,FALSE,TRUE,TRUE,FALSE,FALSE
SplatNumber,1,1,1,1,1,1,1,1,1,1,1,1,1,1,1,1,1,1,1,1,1,1,1,1,1,1,1,1,1,1,1,1,1,1,1,1,1,1,1,2,1,1,1,1,1,1,1,2,1,1,1,1,1,1,2,1,1,1,1,1,3,1,1,1,1,1,1,1,2,1,,1,1,1,1,1,1,2,2,1,1,1,1,1,1,1,1,1,1,1,1,1,1,1,1,1,1,2,1,1,1
SplatSize,,,,,,,,,,,,,,,,,,,,,,,,,,,,,,,,,,,,,,,,,,,,,,,,,,,,,,,,,,,,,,,,,,,,,,,,,,,,,,,,,,,,,,,,,,,,,,,,,,,,,
BreakSound,BadmintonRacketBreak,BallPeenHammerBreak,BallPeenHammerBreak,BrokenBanjoNeckBreak,BrokenBaseballBatBreak,BrokenNailedBaseballBatBreak,BlockMaceBreak,BoneClubBreak,BoneClubSpikedBreak,BowlingPinBreak,BowlingPinNailsBreak,BrokenLargeBranchBreak,BrokenNailLargeBranchBreak,BrassNameplateBreak,CarpentryChiselBreak,ChairLegBreak,ChairLegNailsBreak,ClubHammerBreak,ClubHammerBreak,DrumstickBreak,DumbBellBreak,DumbBellBreak,BrokenFieldHockeyStickBreak,BrokenNailSpikedFieldHockeyStickBreak,FileBreak,FireplacePokerBreak,StoneBreak,FluteBreak,BrokenGardenToolHandleBreak,GavelBreak,GriddlePanBreak,BrokenAcousticGuitarBreak,BrokenElectricBassNeckBreak,BrokenElectricGuitarNeckBreak,HammerBreak,HammerBreak,StoneHammerBreak,PlungerBreak,PlungerBreak,NailSpikeHandleBreak,IronBarHalfBreak,IronRodBreak,IronRodHalfBreak,JawboneBreak,JawboneClubBreak,LargeBoneClubBreak,LargeBoneClubSpikedBreak,LargeHookBreak,LeadPipeBreak,BrokenLongHandleBreak,BrokenNailLongHandleBreak,BrokenLongStickBreak,MaceBreak,MetalBarBreak,HandShovelBreak,MetalBarBreak,MetalPipeBreak,MetalPipeBreak,MetalBarBreak,MetalworkingPunchBreak,ScrapMorningstarShortBreak,NightstickBreak,FryingPanBreak,FryingPanBreak,PipeWrenchBreak,PlankBrokenBreak,PlankBrokenNailsBreak,PlungerBreak,BarbedWirePlungerBreak,RatchetWrenchBreak,RollingPinBreak,SaucepanBreak,SaucepanBreak,SaxophoneBreak,SheetMetalSnipsBreak,ShortBatBreak,ShortBatBreak,NailSpikedShortBatBreak,RakeHeadShortBatBreak,SmithingHammerBreak,SpikedShortBatBreak,SteelBarHalfBreak,SteelRodHalfBreak,StoneBreak,TableLegBrokenBreak,TableLegBrokenNailsBreak,TennisRacketBreak,TireIronBreak,TreeBranchBreak,TreeBranchBoneBreak,TreeBranchBreak,NailSpikeTreeBranchBreak,TrumpetBreak,ViolinBreak,WoodenMalletBreak,WoodenStickBreak,BrokenWoodenStickBreak,NailSpikedBrokenWoodenStickBreak,NailSpikedWoodenStickBreak,WrenchBreak,TreeBranchBreak
DoorHitSound,BadmintonRacketHit,BallPeenHammerHit,BallPeenHammerHit,BrokenBanjoNeckHit,BrokenBaseballBatHit,BrokenNailedBaseballBatHit,BlockMaceHit,BoneClubHit,BoneClubSpikedHit,BowlingPinHit,BowlingPinNailsHit,BrokenLargeBranchHit,BrokenNailLargeBranchHit,BrassNameplateHit,CarpentryChiselHit,ChairLegHit,ChairLegNailsHit,ClubHammerHit,ClubHammerHit,DrumstickHit,DumbBellHit,DumbBellHit,BrokenFieldHockeyStickHit,BrokenNailSpikedFieldHockeyStickHit,FileHit,FireplacePokerHit,StoneHit,FluteHit,BrokenGardenToolHandleHit,GavelHit,GriddlePanHit,BrokenAcousticGuitarNeckHit,BrokenElectricBassNeckHit,BrokenElectricGuitarNeckHit,HammerHit,HammerHit,StoneHammerHit,PickAxeHandleHit,PickAxeHandleHit,NailSpikeHandleHit,IronBarHalfHit,IronRodHit,IronRodHalfHit,JawboneHit,JawboneClubHit,LargeBoneClubHit,LargeBoneClubSpikedHit,LargeHookHit,LeadPipeHit,BrokenLongHandleHit,BrokenNailLongHandleHit,BrokenLongStickHit,MaceHit,MetalBarHit,HandShovelHit,MetalBarHit,MetalPipeHit,MetalPipeHit,MetalworkingChiselHit,MetalworkingPunchHit,ScrapMorningstarShortHit,NightstickHit,FryingPanHit,FryingPanHit,PipeWrenchHit,PlankBrokenHit,PlankBrokenNailsHit,PlungerHit,BarbedWirePlungerHit,RatchetWrenchHit,RollingPinHit,SaucepanHit,SaucepanHit,SaxophoneHit,SheetMetalSnipsHit,ShortBatHit,ShortBatHit,NailSpikedShortBatHit,RakeHeadShortBatHit,SmithingHammerHit,SpikedShortBatHit,SteelBarHalfHit,SteelRodHalfHit,StoneHit,TableLegBrokenHit,TableLegBrokenNailsHit,TennisRacketHit,TireIronHit,TreeBranchHit,TreeBranchBoneHit,TreeBranchHit,NailSpikeTreeBranchHit,TrumpetHit,ViolinHit,WoodenMalletHit,WoodenStickHit,BrokenWoodenStickHit,NailSpikedBrokenWoodenStickHit,NailSpikedWoodenStickHit,WrenchHit,TreeBranchHit
DropSound,BadmintonRacketDrop,BallPeenHammerDrop,BallPeenHammerDrop,BrokenBanjoNeckDrop,BrokenBaseballBatDrop,BrokenNailedBaseballBatDrop,BlockMaceDrop,BoneClubDrop,BoneClubSpikedDrop,BowlingPinDrop,BowlingPinNailsDrop,BrokenLargeBranchDrop,BrokenNailLargeBranchDrop,BrassNameplateDrop,CarpentryChiselDrop,ChairLegDrop,ChairLegNailsDrop,ClubHammerDrop,ClubHammerDrop,DrumstickDrop,DumbBellDrop,DumbBellDrop,BrokenFieldHockeyStickDrop,BrokenNailSpikedFieldHockeyStickDrop,FileDrop,FireplacePokerDrop,StoneDrop,FluteDrop,BrokenGardenToolHandleDrop,GavelDrop,GriddlePanDrop,BrokenAcousticGuitarNeckDrop,BrokenElectricBassNeckDrop,BrokenElectricGuitarNeckDrop,HammerDrop,HammerDrop,StoneHammerDrop,PickAxeHandleDrop,PickAxeHandleDrop,NailSpikeHandleDrop,IronBarHalfDrop,IronRodDrop,IronRodHalfDrop,JawboneDrop,JawboneClubDrop,LargeBoneClubDrop,LargeBoneClubSpikedDrop,LargeHookDrop,LeadPipeDrop,BrokenLongHandleDrop,BrokenNailLongHandleDrop,BrokenLongStickDrop,MaceDrop,MetalBarDrop,HandShovelDrop,MetalBarDrop,MetalPipeDrop,MetalPipeDrop,MetalworkingChiselDrop,MetalworkingPunchDrop,ScrapMorningstarShortDrop,NightstickDrop,FryingPanDrop,FryingPanDrop,PipeWrenchDrop,PlankBrokenDrop,PlankBrokenNailsDrop,PlungerDrop,BarbedWirePlungerDrop,RatchetWrenchDrop,RollingPinDrop,SaucepanDrop,SaucepanDrop,SaxophoneDrop,SheetMetalSnipsDrop,ShortBatDrop,ShortBatDrop,NailSpikedShortBatDrop,RakeHeadShortBatDrop,SmithingHammerDrop,SpikedShortBatDrop,SteelBarHalfDrop,SteelRodHalfDrop,StoneDrop,TableLegBrokenDrop,TableLegBrokenNailsDrop,TennisRacketDrop,TireIronDrop,TreeBranchDrop,TreeBranchBoneDrop,TreeBranchDrop,NailSpikeTreeBranchDrop,TrumpetDrop,ViolinDrop,WoodenMalletDrop,WoodenStickDrop,BrokenWoodenStickDrop,NailSpikedBrokenWoodenStickDrop,NailSpikedWoodenStickDrop,WrenchDrop,TreeBranchDrop
EquipSound,,,,,,,,,,,,,,,,,,,,,,,,,,,,,,,,,,,,,,,,,,,,,,,,,,,,,,,,,,,,,,,,,,,,,,,,,,,,,,,,,,,,,,,,,,,,,,,,,,,,,
HitFloorSound,BadmintonRacketHit,BallPeenHammerHit,BallPeenHammerHit,BrokenBanjoNeckHit,BrokenBaseballBatHit,BrokenNailedBaseballBatHit,BlockMaceHit,BoneClubHit,BoneClubSpikedHit,BowlingPinHit,BowlingPinNailsHit,BrokenLargeBranchHit,BrokenNailLargeBranchHit,BrassNameplateHit,CarpentryChiselHit,ChairLegHit,ChairLegNailsHit,ClubHammerHit,ClubHammerHit,DrumstickHit,DumbBellHit,DumbBellHit,BrokenFieldHockeyStickHit,BrokenNailSpikedFieldHockeyStickHit,FileHit,FireplacePokerHit,StoneHit,FluteHit,BrokenGardenToolHandleHit,GavelHit,GriddlePanHit,BrokenAcousticGuitarNeckHit,BrokenElectricBassNeckHit,BrokenElectricGuitarNeckHit,HammerHit,HammerHit,StoneHammerHit,PickAxeHandleHit,PickAxeHandleHit,NailSpikeHandleHit,IronBarHalfHit,IronRodHit,IronRodHalfHit,JawboneHit,JawboneClubHit,LargeBoneClubHit,LargeBoneClubSpikedHit,LargeHookHit,LeadPipeHit,BrokenLongHandleHit,BrokenNailLongHandleHit,BrokenLongStickHit,MaceHit,MetalBarHit,HandShovelHit,MetalBarHit,MetalPipeHit,MetalPipeHit,MetalworkingChiselHit,MetalworkingPunchHit,ScrapMorningstarShortHit,NightstickHit,FryingPanHit,FryingPanHit,PipeWrenchHit,PlankBrokenHit,PlankBrokenNailsHit,PlungerHit,BarbedWirePlungerHit,RatchetWrenchHit,RollingPinHit,SaucepanHit,SaucepanHit,SaxophoneHit,SheetMetalSnipsHit,ShortBatHit,ShortBatHit,NailSpikedShortBatHit,RakeHeadShortBatHit,SmithingHammerHit,SpikedShortBatHit,SteelBarHalfHit,SteelRodHalfHit,StoneHit,TableLegBrokenHit,TableLegBrokenNailsHit,TennisRacketHit,TireIronHit,TreeBranchHit,TreeBranchBoneHit,TreeBranchHit,NailSpikeTreeBranchHit,TrumpetHit,ViolinHit,WoodenMalletHit,WoodenStickHit,BrokenWoodenStickHit,NailSpikedBrokenWoodenStickHit,NailSpikedWoodenStickHit,WrenchHit,TreeBranchHit
HitSound,BadmintonRacketHit,BallPeenHammerHit,BallPeenHammerHit,BrokenBanjoNeckHit,BrokenBaseballBatHit,BrokenNailedBaseballBatHit,BlockMaceHit,BoneClubHit,BoneClubSpikedHit,BowlingPinHit,BowlingPinNailsHit,BrokenLargeBranchHit,BrokenNailLargeBranchHit,BrassNameplateHit,CarpentryChiselHit,ChairLegHit,ChairLegNailsHit,ClubHammerHit,ClubHammerHit,DrumstickHit,DumbBellHit,DumbBellHit,BrokenFieldHockeyStickHit,BrokenNailSpikedFieldHockeyStickHit,FileHit,FireplacePokerHit,StoneHit,FluteHit,BrokenGardenToolHandleHit,GavelHit,GriddlePanHit,BrokenAcousticGuitarNeckHit,BrokenElectricBassNeckHit,BrokenElectricGuitarNeckHit,HammerHit,HammerHit,StoneHammerHit,PickAxeHandleHit,PickAxeHandleHit,PickAxeHandleHit,IronBarHalfHit,IronRodHit,IronRodHalfHit,JawboneHit,JawboneClubHit,LargeBoneClubHit,LargeBoneClubSpikedHit,LargeHookHit,LeadPipeHit,BrokenLongHandleHit,BrokenNailLongHandleHit,BrokenLongStickHit,MaceHit,MetalBarHit,HandShovelHit,MetalBarHit,MetalPipeHit,MetalPipeHit,MetalworkingChiselHit,MetalworkingPunchHit,ScrapMorningstarShortHit,NightstickHit,FryingPanHit,FryingPanHit,PipeWrenchHit,PlankBrokenHit,PlankBrokenNailsHit,PlungerHit,BarbedWirePlungerHit,RatchetWrenchHit,RollingPinHit,SaucepanHit,SaucepanHit,SaxophoneHit,SheetMetalSnipsHit,ShortBatHit,ShortBatHit,NailSpikedShortBatHit,RakeHeadShortBatHit,SmithingHammerHit,SpikedShortBatHit,SteelBarHalfHit,SteelRodHalfHit,StoneHit,TableLegBrokenHit,TableLegBrokenNailsHit,TennisRacketHit,TireIronHit,TreeBranchHit,TreeBranchBoneHit,TreeBranchHit,NailSpikeTreeBranchHit,TrumpetHit,ViolinHit,WoodenMalletHit,WoodenStickHit,BrokenWoodenStickHit,NailSpikedBrokenWoodenStickHit,NailSpikedWoodenStickHit,WrenchHit,TreeBranchHit
ImpactSound,,,,,,,,,,,,,,,,,,,,,,,,,,,,,,,,,,,,,,,,,,,,,,,,,,,,,,,HandShovelHit,,,,,,,,,,,,,,,,,,,,,,,,,,,,,,,,,,,,,,,,,,,,,,
SoundMap,,,,,,,,,,,,,,,,,,,,,,,,,,,,,,,,,,,,,,,,,,,,,,,,,,,,,,,,,,,,,,,,,,,,,,,,,,,,,,,,,,,,,,,,,,,,,,,,,,,,,
SwingSound,BadmintonRacketSwing,BallPeenHammerSwing,BallPeenHammerSwing,BrokenBanjoNeckSwing,BrokenBaseballBatSwing,BrokenNailedBaseballBatSwing,BlockMaceSwing,BoneClubSwing,BoneClubSpikedSwing,BowlingPinSwing,BowlingPinNailsSwing,BrokenLargeBranchSwing,BrokenNailLargeBranchSwing,BrassNameplateSwing,CarpentryChiselSwing,ChairLegSwing,ChairLegNailsSwing,ClubHammerSwing,ClubHammerSwing,DrumstickSwing,DumbBellSwing,DumbBellSwing,BrokenFieldHockeyStickSwing,BrokenNailSpikedFieldHockeyStickSwing,FileSwing,FireplacePokerSwing,StoneSwing,FluteSwing,BrokenGardenToolHandleSwing,GavelSwing,GriddlePanSwing,BrokenAcousticGuitarNeckSwing,BrokenElectricBassNeckSwing,BrokenElectricGuitarNeckSwing,HammerSwing,HammerSwing,StoneHammerSwing,PlungerSwing,PlungerSwing,NailSpikeHandleSwing,IronBarHalfSwing,IronRodSwing,IronRodHalfSwing,JawboneSwing,JawboneClubSwing,LargeBoneClubSwing,LargeBoneClubSpikedSwing,LargeHookSwing,LeadPipeSwing,BrokenLongHandleSwing,BrokenNailLongHandleSwing,BrokenLongStickSwing,MaceSwing,MetalBarSwing,HandShovelSwing,MetalBarSwing,MetalPipeSwing,MetalPipeSwing,MetalworkingChiselSwing,MetalworkingPunchSwing,ScrapMorningstarShortSwing,NightstickSwing,FryingPanSwing,FryingPanSwing,PipeWrenchSwing,PlankBrokenSwing,PlankBrokenNailsSwing,PlungerSwing,BarbedWirePlungerSwing,RatchetWrenchSwing,RollingPinSwing,SaucepanSwing,SaucepanSwing,SaxophoneSwing,SheetMetalSnipsSwing,ShortBatSwing,ShortBatSwing,NailSpikedShortBatSwing,RakeHeadShortBatSwing,SmithingHammerSwing,SpikedShortBatSwing,SteelBarHalfSwing,SteelRodHalfSwing,StoneSwing,TableLegBrokenSwing,TableLegBrokenNailsSwing,TennisRacketSwing,TireIronSwing,TreeBranchSwing,TreeBranchBoneSwing,TreeBranchSwing,NailSpikeTreeBranchSwing,TrumpetSwing,ViolinSwing,WoodenMalletSwing,WoodenStickSwing,BrokenWoodenStickSwing,NailSpikedBrokenWoodenStickSwing,NailSpikedWoodenStickSwing,WrenchSwing,TreeBranchSwing
UnequipSound,,,,,,,,,,,,,,,,,,,,,,,,,,,,,,,,,,,,,,,,,,,,,,,,,,,,,,,,,,,,,,,,,,,,,,,,,,,,,,,,,,,,,,,,,,,,,,,,,,,,,
Tooltip,,,,,,,Tooltip_no_nails,,,,,,,,,,,Tooltip_no_nails,Tooltip_no_nails,,,,,,,,Tooltip_item_FlintNodule,,,,,,,,,,,,,,,,,,,,,,,,,,,,,,,,,,,,,,,,,,,Tooltip_item_Ratchet,,Tooltip_item_RainFromGround,Tooltip_item_RainFromGround,,,,,,,,,,,Tooltip_item_Campfire,,,,Tooltip_item_TireIron,,,,,,,Tooltip_no_nails,,,,,,
ResearchableRecipes,,Forge_Ball_Peen_Hammer_Head;Forge_Club_Hammer_Head;Forge_Smithing_Hammer_Head,Forge_Ball_Peen_Hammer_Head;Forge_Club_Hammer_Head;Forge_Smithing_Hammer_Head,,,,,,,,,,,,,,,Forge_Sledgehammer_Head;MakeStoneMaulHead;Forge_Clawhammer_Head;Forge_Ball_Peen_Hammer_Head;Forge_Club_Hammer_Head;Forge_Smithing_Hammer_Head,Forge_Sledgehammer_Head;MakeStoneMaulHead;Forge_Clawhammer_Head;Forge_Ball_Peen_Hammer_Head;Forge_Club_Hammer_Head;Forge_Smithing_Hammer_Head,,,,,,,,,,,,,,,,Forge_Clawhammer_Head;Forge_Ball_Peen_Hammer_Head;Forge_Club_Hammer_Head;Forge_Smithing_Hammer_Head,Forge_Clawhammer_Head;Forge_Ball_Peen_Hammer_Head;Forge_Club_Hammer_Head;Forge_Smithing_Hammer_Head,MakeStoneMaulHead;Forge_Smithing_Hammer_Head,CanReinforceShortWeapon,SheetMetalWeapon;CanReinforceWeapon,,,,,,,,,,,,,,ForgeMaceHead;MakeSpikedClub;MakeSpikedBaseballBat;MakeSpikedCudgel,,,MakeBucketMaul;MakeKettleMaul,MakeBucketMaul;MakeKettleMaul;MakeRailspikeIronPipe,,,,MakeSpikedClub;MakeSpikedBaseballBat;MakeSpikedCudgel,,,,,,,BarbedWireWeapon,MakeBarbedWire,,,,,,,CanReinforceWeapon;MakeRakeHeadWeapon,SheetMetalWeapon;CanReinforceLongWeapon;CanReinforceShortWeapon,MakeRailspikeWeapon,MakeSawbladeWeapon;MakeSpikedClub,Forge_Smithing_Hammer_Head;Forge_Clawhammer_Head;Forge_Ball_Peen_Hammer_Head;Forge_Club_Hammer_Head,ForgeMaceHead;MakeSpikedBaseballBat;MakeRailspikeWeapon,,,,,,,,CanReinforceWeapon;BoneSpikeWeapon,SharpenBone,SheetMetalWeapon;CanReinforceLongWeapon;CanReinforceShortWeapon,MakeRailspikeWeapon;BoneSpikeWeapon,,,,CanReinforceWeapon,,,,,
OnBreak,,OnBreak.BallPeenHammer,OnBreak.BallPeenHammer,,,,OnBreak.MetalPipe,,,,,,,,,,,OnBreak.ClubHammer,OnBreak.ClubHammer,,,,OnBreak.LongHandle,OnBreak.LongHandle,,,OnBreak.FlintNodule,,,,,,,,OnBreak.Clawhammer,OnBreak.Clawhammer,OnBreak.HammerStone,,,,,,,,OnBreak.JawboneBovide_Club,,,,,,,OnBreak.WoodenStick,,,,,OnBreak.MetalPipe,,,,,,,,,,,OnBreak.WoodenStick,OnBreak.WoodenStick,,OnBreak.SmallHandle,,,OnBreak.BrassScrap,,,,,OnBreak.ShortBat_RakeHead,OnBreak.SmithingHammer,,,,,,,,,OnBreak.LargeBranch,OnBreak.LargeBranch,OnBreak.LargeBranch,OnBreak.LargeBranch,OnBreak.BrassScrap,,,OnBreak.WoodenStick,,,OnBreak.WoodenStick,,
OnCreate,,,,,,,,,,,,,,SpecialLootSpawns.OnCreateIDcard,,,,,,,,,,,,,,,,,,,,,,,,,,,,,,,,,,,,,,,,,,,,,,,,,,,,,,,,,,,,,,,,,,,,,,,,,,,,,,,,,,,,,,,
