item,BluePen,BreadKnife,ButterKnife,ButterKnife_Gold,ButterKnife_Silver,CarvingFork2,CompassGeometry,CrudeBlade,CrudeKnife,DullBoneKnife,FightingKnife,FlintKnife,Fork,ForkForged,Fork_Bone,Fork_Gold,Fork_Silver,GlassShiv,GreenPen,HandFork,HandguardDagger,Handiknife,HuntingKnife,HuntingKnifeForged,IcePick,KitchenKnife,KitchenKnifeForged,KnifeButterfly,KnifeFillet,KnifeParing,KnifePocket,KnifeShiv,KnifeSushi,LargeKnife,LargeKnife_Scrap,LetterOpener,LongCrudeBlade,LongCrudeKnife,MacheteKnife,Multitool,Pen,Pencil,PencilSpiffo,PenFancy,PenMultiColor,PenSpiffo,RailroadSpike,RailroadSpikeKnife,RedPen,Scalpel,Scissors,ScissorsForged,Screwdriver,Screwdriver_Old,SharpBone_Long,SmallKnife,SmashedBottle,SpearHead,SpearLongHead,Spoon,SpoonForged,Spoon_Bone,Spoon_Gold,Spoon_Silver,Stake,SteakKnife,StoneKnifeLong,SwitchKnife,TinOpener_Old,Toothbrush_Shiv
DisplayName,Pen - Blue,Bread Knife,Butter Knife,Butter Knife - Gold,Butter Knife - Silver,Carving Fork,Geometry Compass,Crude Blade,Crude Knife,Blunt Bone Knife,Fighting Knife,Stone Knife,Fork,Fork,Bone Fork,Fork - Gold,Fork - Silver,Glass Shiv,Pen - Green,Hand Fork,Handguard Dagger,Handiknife,Hunting Knife,Hunting Knife,Ice Pick,Kitchen Knife,Kitchen Knife,Butterfly Knife,Fillet Knife,Paring Knife,Pocket Knife,Shiv,Sushi Knife,Large Knife,Scrap Metal Large Knife,Letter Opener,Long Crude Blade,Long Crude Knife,Machete Blade Knife,Multitool,Pen - Black,Pencil,Pencil - Spiffo,Fountain Pen,Multi-Color Pen,Pen - Spiffo,Railroad Spike,Railroad Spike Knife,Pen - Red,Scalpel,Scissors,Crude Scissors,Screwdriver,Screwdriver,Long Sharp Bone,Small Knife,Smashed Bottle,Spearhead,Long Spearhead,Spoon,Spoon,Bone Spoon,Spoon - Gold,Spoon - Silver,Stake,Steak Knife,Long Stone Knife,Switchblade,Can Opener - Old-Fashioned,Toothbrush Shiv
Icon,Pen,KnifeButter,KnifeButter,Knife_Gold,Knife_Silver,CarvingFork,CompassGeometry,SpearHead_Crude01,SpearHead_Shiv_Crude01,Knife_Bone,Knife_FairbairnSykes,SpearHead_StoneShiv_Crude01,Fork,Fork_Forged,Fork_Bone,Fork_Gold,Fork_Silver,GlassShank,Pen,GardeningFork,Dagger_Crafted,KnifeMultitool,,HuntingKnife_Forged,IcePick,,KitchenKnife_Forged,KnifeButterfly,KnifeFillet,KnifeParing,KnifePocket,KnifeShiv,KnifeSushi,KnifeLarge_Crude,ScrapMetal_Knife,LetterOpener,SpearHead_Crude02,SpearHead_Shiv_Crude02,Machete_RagHandle,MultiTool,Pen,Pencil,PencilSpiffo,PenFancy,PenMulticolor,PenSpiffo,RailroadSpike,RailroadSpike_Knife,Pen,Scalpel,Scissors,Scissors_Forged,,ScrewDriver_Crafted,Bone_Sharpened,TableKnife_Forged,BrokenBottle,SpearHead_Forged_01,SpearHead_Forged_02,Spoon,Spoon_Forged,Spoon,Spoon_Gold,Spoon_Silver,Stake,Knife_Steak,SpearHead_StoneShiv_Crude02,KnifeSwitchblade,CanOpener_Crafted,Toothbrush_Shank
IconColorMask,,,,,,,,,,,,,,,,,,,,,,,,,,,,,,,,,,,,,,,,,,,,,,,,,,,,,,,,,,,,,,,,,,,,,,
ColorBlue,210,,,,,,,,,,,,,,,,,,10,,,,,,,,,,,,,,,,,,,,,,,,,,,,,,10,,,,,,,,,,,,,,,,,,,,,
ColorGreen,50,,,,,,,,,,,,,,,,,,220,,,,,,,,,,,,,,,,,,,,,,,,,,,,,,10,,,,,,,,,,,,,,,,,,,,,
ColorRed,50,,,,,,,,,,,,,,,,,,10,,,,,,,,,,,,,,,,,,,,,,,,,,,,,,220,,,,,,,,,,,,,,,,,,,,,
IconFluidMask,,,,,,,,,,,,,,,,,,,,,,,,,,,,,,,,,,,,,,,,,,,,,,,,,,,,,,,,,,,,,,,,,,,,,,
IconsForTexture,,,,,,,,,,,,,,,,,,,,,,,HuntingKnife;HuntingKnife_Forged,,,KnifeChopping;KitchenKnife_Forged,,,,,,,,,,,,,,,,,,,,,,,,,,,Screwdriver_Blue;Screwdriver,,,,,,,,,,,,,,,,,
DisplayCategory,HouseholdWeapon,CookingWeapon,CookingWeapon,CookingWeapon,CookingWeapon,CookingWeapon,ToolWeapon,WeaponCrafted,WeaponCrafted,CookingWeapon,Weapon,WeaponCrafted,CookingWeapon,CookingWeapon,CookingWeapon,CookingWeapon,CookingWeapon,WeaponCrafted,HouseholdWeapon,ToolWeapon,Weapon,ToolWeapon,Weapon,Weapon,CookingWeapon,CookingWeapon,CookingWeapon,Weapon,CookingWeapon,CookingWeapon,ToolWeapon,WeaponCrafted,CookingWeapon,ToolWeapon,ToolWeapon,HouseholdWeapon,WeaponCrafted,WeaponCrafted,ToolWeapon,ToolWeapon,HouseholdWeapon,HouseholdWeapon,Memento,Memento,HouseholdWeapon,Memento,MaterialWeapon,Weapon,HouseholdWeapon,FirstAidWeapon,HouseholdWeapon,HouseholdWeapon,ToolWeapon,ToolWeapon,WeaponCrafted,ToolWeapon,WeaponImprovised,MaterialWeapon,MaterialWeapon,CookingWeapon,CookingWeapon,CookingWeapon,CookingWeapon,CookingWeapon,GardeningWeapon,CookingWeapon,WeaponCrafted,Weapon,CookingWeapon,WeaponCrafted
Categories,Improvised,SmallBlade,SmallBlade,SmallBlade,SmallBlade,SmallBlade,Improvised,SmallBlade,SmallBlade,SmallBlade,SmallBlade,SmallBlade,SmallBlade,SmallBlade,SmallBlade,SmallBlade,SmallBlade,SmallBlade,Improvised,SmallBlade,SmallBlade,SmallBlade,SmallBlade,SmallBlade,SmallBlade,SmallBlade,SmallBlade,SmallBlade,SmallBlade,SmallBlade,SmallBlade,SmallBlade,SmallBlade,SmallBlade,SmallBlade,SmallBlade,SmallBlade,SmallBlade,SmallBlade,SmallBlade,Improvised,Improvised,Improvised,Improvised,Improvised,Improvised,SmallBlade,SmallBlade,Improvised,SmallBlade,SmallBlade,SmallBlade,Improvised;SmallBlade,Improvised;SmallBlade,SmallBlade,SmallBlade,SmallBlade,SmallBlade,SmallBlade,SmallBlade,SmallBlade,SmallBlade,SmallBlade,SmallBlade,SmallBlade,SmallBlade,SmallBlade,SmallBlade,SmallBlade,SmallBlade
SubCategory,Stab,Stab,Stab,Stab,Stab,Stab,Stab,Stab,Stab,Stab,Stab,Stab,Stab,Stab,Stab,Stab,Stab,Stab,Stab,Stab,Stab,Stab,Stab,Stab,Stab,Stab,Stab,Stab,Stab,Stab,Stab,Stab,Stab,Stab,Stab,Stab,Stab,Stab,Stab,Stab,Stab,Stab,Stab,Stab,Stab,Stab,Stab,Stab,Stab,Stab,Stab,Stab,Stab,Stab,Stab,Stab,Stab,Stab,Stab,Stab,Stab,Stab,Stab,Stab,Stab,Stab,Stab,Stab,Stab,Stab
Tags,Write;BluePen;NoMaintenanceXp,DullKnife;NoMaintenanceXp;SmeltableIronSmall,DullKnife;NoMaintenanceXp;SmeltableIronSmall,DullKnife;NoMaintenanceXp,DullKnife;NoMaintenanceXp,,HasMetal;SmeltableIronSmall,HasMetal;Sharpenable;SharpKnife;SmeltableIronMedium,HasMetal;Sharpenable;SharpKnife,DullKnife;NoMaintenanceXp,CutPlant;SharpKnife;ButcherAnimal;Sharpenable;KillAnimal,SharpKnife;KillAnimal;ButcherAnimal,Fork;MixingUtensil;NoMaintenanceXp;SmeltableIronSmall,Fork;MixingUtensil;NoMaintenanceXp;SmeltableIronSmall,Fork;MixingUtensil;NoMaintenanceXp,Fork;MixingUtensil;NoMaintenanceXp,Fork;MixingUtensil;NoMaintenanceXp,,Write;GreenPen;NoMaintenanceXp,DigPlow;DigWorms;SmeltableIronSmall,CutPlant;SharpKnife;ButcherAnimal;Sharpenable;KillAnimal;ButcherAnimal;Handguard,IgnoreZombieDensity;BottleOpener;CutPlant;SharpKnife;ButcherAnimal;UseWorldStaticModel;CanOpener;Corkscrew;Screwdriver;Awl;FitsKeyRing,CutPlant;SharpKnife;ButcherAnimal;Sharpenable;KillAnimal;ButcherAnimal,CutPlant;SharpKnife;ButcherAnimal;HasMetal;Sharpenable;KillAnimal;ButcherAnimal;Forge_Crude_Blade,Sharpenable;KillAnimal;Awl,CutPlant;SharpKnife;ButcherAnimal;Sharpenable;KillAnimal,CutPlant;SharpKnife;ButcherAnimal;HasMetal;Sharpenable;KillAnimal,FastDraw;CutPlant;SharpKnife;ButcherAnimal;UseWorldStaticModel;Sharpenable;SmeltableIronSmall,SharpKnife;ButcherAnimal;Sharpenable;SmeltableIronMedium,CutPlant;SharpKnife;Sharpenable;SmeltableIronSmall;ButcherAnimal,CutPlant;SharpKnife;ButcherAnimal;UseWorldStaticModel;Sharpenable;SmeltableIronSmall,HasMetal;SmeltableIronSmall,CutPlant;SharpKnife;ButcherAnimal;Sharpenable;IgnoreZombieDensity;KillAnimal,CutPlant;SharpKnife;ButcherAnimal;HasMetal;Sharpenable;KillAnimal,CutPlant;SharpKnife;ButcherAnimal;HasMetal;Sharpenable,NoMaintenanceXp;SmeltableIronSmall,HasMetal;Sharpenable;SharpKnife;ButcherAnimal;CutPlant;CrudeBlade;SmeltableIronLarge;KillAnimal,HasMetal;Sharpenable;SharpKnife;ButcherAnimal;CutPlant;KillAnimal,CutPlant;SharpKnife;ButcherAnimal;HasMetal;Sharpenable;KillAnimal,IgnoreZombieDensity;BottleOpener;CutPlant;SharpKnife;ButcherAnimal;UseWorldStaticModel;CanOpener;Screwdriver;Pliers;RemoveBullet;RemoveGlass;SmallFiles;Scissors;Awl,Write;Pen;NoMaintenanceXp,Write;Pencil;Eraser;NoMaintenanceXp;IsFireFuel;IsFireTinder,Write;Pencil;NoMaintenanceXp;IgnoreZombieDensity;IsFireFuel;IsFireTinder;IsMemento,Write;Pen;NoMaintenanceXp;IsMemento,Write;BluePen;GreenPen;Pen;RedPen;NoMaintenanceXp;IgnoreZombieDensity;IsMemento,Write;Pen;NoMaintenanceXp;IgnoreZombieDensity;IsMemento,HasMetal;NoMaintenanceXp;SmeltableIronSmall,CutPlant;SharpKnife;ButcherAnimal;Sharpenable;KillAnimal,Write;RedPen;NoMaintenanceXp;NoMaintenanceXp,Sharpenable;NoMaintenanceXp;SmeltableIronSmall,Scissors;Sharpenable;SmeltableIronSmall,Scissors;Sharpenable;SmeltableIronSmall,Screwdriver,Screwdriver,DullKnife,CutPlant;SharpKnife;ButcherAnimal;HasMetal;Blade;Sharpenable;KillAnimal,BrokenGlass;Glass,HasMetal;Sharpenable;SharpKnife;SmeltableIronMedium,HasMetal;Sharpenable;SharpKnife;SmeltableIronLarge,Spoon;MixingUtensil;NoMaintenanceXp;SmeltableIronSmall,Spoon;MixingUtensil;NoMaintenanceXp;SmeltableIronSmall,Spoon;MixingUtensil;NoMaintenanceXp,Spoon;MixingUtensil;NoMaintenanceXp,Spoon;MixingUtensil;NoMaintenanceXp,TentPeg,CutPlant;SharpKnife;ButcherAnimal;Sharpenable;KillAnimal;ButcherAnimal,SharpKnife;ButcherAnimal;KillAnimal,FastDraw;CutPlant;SharpKnife;ButcherAnimal;UseWorldStaticModel;Sharpenable,CanOpener,
Type,Weapon,Weapon,Weapon,Weapon,Weapon,Weapon,Weapon,Weapon,Weapon,Weapon,Weapon,Weapon,Weapon,Weapon,Weapon,Weapon,Weapon,Weapon,Weapon,Weapon,Weapon,Weapon,Weapon,Weapon,Weapon,Weapon,Weapon,Weapon,Weapon,Weapon,Weapon,Weapon,Weapon,Weapon,Weapon,Weapon,Weapon,Weapon,Weapon,Weapon,Weapon,Weapon,Weapon,Weapon,Weapon,Weapon,Weapon,Weapon,Weapon,Weapon,Weapon,Weapon,Weapon,Weapon,Weapon,Weapon,Weapon,Weapon,Weapon,Weapon,Weapon,Weapon,Weapon,Weapon,Weapon,Weapon,Weapon,Weapon,Weapon,Weapon
StaticModel,,,,,,,,,,,,,,,,,,,,,,,,,,,,,,,,,,,,,,,,,,,,,,,,,,,,,,,,,,,,,,,,,,,,,,
WeaponSprite,Pen,BreadKnife,ButterKnife,ButterKnife_Gold,ButterKnife_Silver,CarvingFork_Hand,CompassGeometry,CrudeBlade,CrudeKnife,Knife_Bone,FightingKnife,StoneKnife,Fork,ForkForged,Fork_Bone,Fork_Gold,Fork_Silver,GlassShiv,Pen,HandFork,HandguardDagger,Handiknife,,HuntingKnifeForged,IcePick,,KitchenKnifeForged,,KnifeFillet,KnifeParing,,,KnifeSushi,CrudeHuntingKnifeForged,LargeKnife_Scrap,LetterOpener,LongCrudeBlade,LongCrudeKnife,MacheteKnife,Multitool_Knife,Pen,Pencil,PencilSpiffo,PenFancy,PenMulticolor,PenSpiffo,RailroadSpike,RailroadSpikeKnife,Pen,Scalpel,Scissors,ScissorsForged,,Screwdriver_Old,SharpBone_Long,KnifeForged,SmashedBottle,SpearShortHeadForged,,Spoon,SpoonForged,Spoon_Bone,Spoon_Gold,Spoon_Silver,Stake,KnifeSteak,StoneKnifeLong,SwitchKnife,TinOpener_Old,Toothbrush_Shiv
WeaponSpritesByIndex,,,,,,,,,,,,,,,,,,,,,,,HuntingKnife;HuntingKnifeForged,,,Knife;KitchenKnifeForged,,KnifeButterfly;KnifeButterfly2,,,KnifePocket;KnifePocket2,KnifeShiv;KnifeShiv2,,,,,,,,,,,,,,,,,,,,,Screwdriver;Screwdriver_Red,,,,,,SpearLongHeadForged;SpearLongHeadForged2,,,,,,,,,,,
WorldStaticModel,,,,,,,CompassGeometry_World,,,,,,,,,,,,,,,HandiknifeClosed,,,,,,,,,,,,,,,,,,Multitool_Closed,,,,PenFancyWorld,,,,,,,,,,,,,,,,,,,,,,,,SwitchKnifeClosed,,
WorldStaticModelsByIndex,,,,,,,,,,,,,,,,,,,,,,,,,,,,KnifeButterflyClosed;KnifeButterflyClosed2,,,KnifePocketClosed;KnifePocketClosed2,,,,,,,,,,,,,,,,,,,,,,,,,,,,,,,,,,,,,,,
AttachmentType,,NotKnife,,,,NotKnife,,Knife,Knife,,Knife,Screwdriver,,,,,,Knife,,NotKnife,Screwdriver,Knife,Knife,Knife,Screwdriver,Knife,Knife,Knife,Knife,Knife,Knife,Knife,Knife,Knife,Knife,Screwdriver,Knife,Knife,Knife,Knife,,,,,,,,Knife,,Screwdriver,Screwdriver,Screwdriver,Screwdriver,Screwdriver,Screwdriver,Knife,,,,,,,,,Screwdriver,Knife,Screwdriver,Knife,,Knife
IdleAnim,Idle_Weapon2,Idle_Weapon2,Idle_Weapon2,Idle_Weapon2,Idle_Weapon2,,Idle_Weapon2,Idle_Weapon2,Idle_Weapon2,Idle_Weapon2,Idle_Weapon2,Idle_Weapon2,,,,,,Idle_Weapon2,Idle_Weapon2,,Idle_Weapon2,Idle_Weapon2,Idle_Weapon2,Idle_Weapon2,Idle_Weapon2,Idle_Weapon2,Idle_Weapon2,Idle_Weapon2,Idle_Weapon2,Idle_Weapon2,Idle_Weapon2,Idle_Weapon2,Idle_Weapon2,Idle_Weapon2,Idle_Weapon2,Idle_Weapon2,Idle_Weapon2,Idle_Weapon2,Idle_Weapon2,Idle_Weapon2,Idle_Weapon2,Idle_Weapon2,Idle_Weapon2,Idle_Weapon2,Idle_Weapon2,Idle_Weapon2,Idle_Weapon2,Idle_Weapon2,Idle_Weapon2,Idle_Weapon2,,,Idle_Weapon2,Idle_Weapon2,Idle_Weapon2,Idle_Weapon2,,Idle_Weapon2,Idle_Weapon2,,,,,,Idle_Weapon2,Idle_Weapon2,Idle_Weapon2,Idle_Weapon2,Idle_Weapon2,Idle_Weapon2
RunAnim,Run_Weapon2,Run_Weapon2,Run_Weapon2,Run_Weapon2,Run_Weapon2,,Run_Weapon2,Run_Weapon2,Run_Weapon2,Run_Weapon2,Run_Weapon2,Run_Weapon2,,,,,,Run_Weapon2,Run_Weapon2,,Run_Weapon2,Run_Weapon2,Run_Weapon2,Run_Weapon2,Run_Weapon2,Run_Weapon2,Run_Weapon2,Run_Weapon2,Run_Weapon2,Run_Weapon2,Run_Weapon2,Run_Weapon2,Run_Weapon2,Run_Weapon2,Run_Weapon2,Run_Weapon2,Run_Weapon2,Run_Weapon2,Run_Weapon2,Run_Weapon2,Run_Weapon2,Run_Weapon2,Run_Weapon2,Run_Weapon2,Run_Weapon2,Run_Weapon2,Run_Weapon2,Run_Weapon2,Run_Weapon2,Run_Weapon2,,,Run_Weapon2,Run_Weapon2,Run_Weapon2,Run_Weapon2,,Run_Weapon2,Run_Weapon2,,,,,,Run_Weapon2,Run_Weapon2,Run_Weapon2,Run_Weapon2,Run_Weapon2,Run_Weapon2
SwingAnim,Stab,Stab,Stab,Stab,Stab,Stab,Stab,Stab,Stab,Stab,Stab,Stab,Stab,Stab,Stab,Stab,Stab,Stab,Stab,Stab,Stab,Stab,Stab,Stab,Stab,Stab,Stab,Stab,Stab,Stab,Stab,Stab,Stab,Stab,Stab,Stab,Stab,Stab,Stab,Stab,Stab,Stab,Stab,Stab,Stab,Stab,Stab,Stab,Stab,Stab,Stab,Stab,Stab,Stab,Stab,Stab,Stab,Stab,Stab,Stab,Stab,Stab,Stab,Stab,Stab,Stab,Stab,Stab,Stab,Stab
CloseKillMove,,Jaw_Stab,Jaw_Stab,Jaw_Stab,Jaw_Stab,,,Jaw_Stab,Jaw_Stab,Jaw_Stab,Jaw_Stab,Jaw_Stab,,,,,,Jaw_Stab,,Jaw_Stab,Jaw_Stab,Jaw_Stab,Jaw_Stab,Jaw_Stab,Jaw_Stab,Jaw_Stab,Jaw_Stab,Jaw_Stab,Jaw_Stab,Jaw_Stab,Jaw_Stab,Jaw_Stab,Jaw_Stab,Jaw_Stab,Jaw_Stab,Jaw_Stab,Jaw_Stab,,Jaw_Stab,Jaw_Stab,,,,,,,,Jaw_Stab,,Jaw_Stab,Jaw_Stab,Jaw_Stab,Jaw_Stab,Jaw_Stab,Jaw_Stab,Jaw_Stab,Jaw_Stab,Jaw_Stab,Jaw_Stab,,,,,,Jaw_Stab,Jaw_Stab,Jaw_Stab,Jaw_Stab,,Jaw_Stab
TwoHandWeapon,,,,,,,,,,,,,,,,,,,,,,,,,,,,,,,,,,,,,,,,,,,,,,,,,,,,,,,,,,,,,,,,,,,,,,
RequiresEquippedBothHands,,,,,,,,,,,,,,,,,,,,,,,,,,,,,,,,,,,,,,,,,,,,,,,,,,,,,,,,,,,,,,,,,,,,,,
AimingMod,0.8,0.8,0.8,0.8,0.8,,0.8,0.8,0.8,0.8,0.8,0.8,0.8,0.8,0.8,0.8,0.8,0.8,0.8,,0.8,0.8,0.8,0.8,0.8,0.8,0.8,0.8,0.8,0.8,0.8,0.8,0.8,0.8,0.8,0.8,0.8,0.8,0.8,0.8,0.8,0.8,0.8,0.8,0.8,0.8,0.8,0.8,0.8,0.8,0.8,0.8,0.8,0.8,0.8,0.8,,0.8,0.8,0.8,0.8,0.8,0.8,0.8,0.8,0.8,0.8,0.8,0.8,0.8
IsAimedHandWeapon,TRUE,TRUE,TRUE,TRUE,TRUE,,TRUE,TRUE,TRUE,TRUE,TRUE,TRUE,TRUE,TRUE,TRUE,TRUE,TRUE,TRUE,TRUE,,TRUE,TRUE,TRUE,TRUE,TRUE,TRUE,TRUE,TRUE,TRUE,TRUE,TRUE,TRUE,TRUE,TRUE,TRUE,TRUE,TRUE,TRUE,TRUE,TRUE,TRUE,TRUE,TRUE,TRUE,TRUE,TRUE,TRUE,TRUE,TRUE,TRUE,TRUE,TRUE,TRUE,TRUE,TRUE,TRUE,,TRUE,TRUE,TRUE,TRUE,TRUE,TRUE,TRUE,TRUE,TRUE,TRUE,TRUE,TRUE,TRUE
SwingAmountBeforeImpact,0.02,0.02,0.02,0.02,0.02,0.02,0.02,0.02,0.02,0.02,0.02,0.02,0.02,0.02,0.02,0.02,0.02,0.02,0.02,0.02,0.02,0.02,0.02,0.02,0.02,0.02,0.02,0.02,0.02,0.02,0.02,0.02,0.02,0.02,0.02,0.02,0.02,0.02,0.02,0.02,0.02,0.02,0.02,0.02,0.02,0.02,0.02,0.02,0.02,0.02,0.02,0.02,0.02,0.02,0.02,0.02,0.02,0.02,0.02,0.02,0.02,0.02,0.02,0.02,0.02,0.02,0.02,0.02,0.02,0.02
SwingTime,2,2,2,2,2,4,2,2,2,2,2,2,2,2,2,2,2,2,2,4,2,2,2,2,2,2,2,2,2,2,2,2,2,2,2,2,2,2,2,2,2,2,2,2,2,2,2,2,2,2,2,2,2,2,2,2,4,2,2,2,2,2,2,2,2,2,2,2,2,2
MinimumSwingTime,2,2,2,2,2,4,2,2,2,2,2,2,2,2,2,2,2,2,2,4,2,2,2,2,2,2,2,2,2,2,2,2,2,2,2,2,2,2,2,2,2,2,2,2,2,2,2,2,2,2,2,2,2,2,2,2,4,2,2,2,2,2,2,2,2,2,2,2,2,2
CanBarricade,,,,,,,,,,,,,,,,,,,,,,,,,,,,,,,,,,,,,,,,,,,,,,,,,,,,,,,,,,,,,,,,,,,,,,
CanStoreWater,,,,,,,,,,,,,,,,,,,,,,,,,,,,,,,,,,,,,,,,,,,,,,,,,,,,,,,,,,,,,,,,,,,,,,
CantAttackWithLowestEndurance,,,,,,,,,,,,,,,,,,,,,,,,,,,,,,,,,,,,,,,,,,,,,,,,,,,,,,,,,,,,,,,,,,,,,,
SurvivalGear,,,,,,,,,,,,,,,,,,,,,,,,,,,,,,,,,,,,,,,,,,,,,,,,,,,,,,,,,,,,,,,,,,,,,,
DamageMakeHole,,,,,,TRUE,,TRUE,TRUE,,TRUE,TRUE,TRUE,TRUE,TRUE,TRUE,TRUE,TRUE,,TRUE,TRUE,TRUE,TRUE,TRUE,TRUE,TRUE,TRUE,TRUE,TRUE,TRUE,TRUE,TRUE,TRUE,TRUE,TRUE,TRUE,TRUE,TRUE,TRUE,TRUE,,,,,,,,TRUE,,TRUE,TRUE,TRUE,,,TRUE,TRUE,TRUE,TRUE,TRUE,,,,,,,TRUE,TRUE,TRUE,TRUE,TRUE
AlwaysKnockdown,,,,,,,,,,,,,,,,,,,,,,,,,,,,,,,,,,,,,,,,,,,,,,,,,,,,,,,,,,,,,,,,,,,,,,
KnockBackOnNoDeath,FALSE,FALSE,FALSE,FALSE,FALSE,FALSE,FALSE,FALSE,FALSE,FALSE,FALSE,FALSE,,,,,,FALSE,FALSE,FALSE,FALSE,FALSE,FALSE,FALSE,FALSE,FALSE,FALSE,FALSE,FALSE,FALSE,FALSE,FALSE,FALSE,FALSE,FALSE,FALSE,FALSE,FALSE,FALSE,FALSE,FALSE,FALSE,FALSE,FALSE,FALSE,FALSE,FALSE,FALSE,FALSE,FALSE,,,FALSE,FALSE,FALSE,FALSE,FALSE,FALSE,FALSE,,,,,,FALSE,FALSE,FALSE,FALSE,FALSE,FALSE
KnockdownMod,0,0,0,0,0,2,0,0,0,0,0,0,0,0,0,0,0,0,0,2,0,0,0,0,0,0,0,0,0,0,0,0,0,0,0,0,0,0,0,0,0,0,0,0,0,0,0,0,0,0,0,0,0,0,0,0,2,0,0,0,0,0,0,0,0,0,0,0,0,0
BaseSpeed,,,,,,,,,,,,,,,,,,,,,,,,,,,,,,,,,,,,,,,,,,,,,,,,,,,,,,,,,1.4,,,,,,,,,,,,,
ConditionLowerChanceOneIn,1,5,1,1,1,9,2,4,7,1,10,7,1,1,1,1,1,2,1,9,5,5,15,15,7,2,2,2,2,2,2,7,3,15,10,1,4,7,15,15,1,1,1,2,2,1,30,15,1,1,1,1,6,6,5,2,1,2,15,1,1,1,1,1,1,2,7,2,2,7
ConditionMax,2,5,3,1,2,6,2,4,6,1,10,6,3,3,1,1,2,1,2,6,5,10,10,10,10,10,10,10,5,10,10,5,15,10,10,5,5,5,10,10,2,1,1,3,3,2,15,10,2,5,10,10,10,10,5,8,3,10,10,3,3,1,1,2,5,5,6,10,10,5
critDmgMultiplier,,,,,,,,,,,,,,,,,,,,,,,,,,,,,,,,,,,,,,,,,,,,,,,,,,,,,,,,,,,,,,,,,,,,,,
CriticalChance,0,15,7,7,7,10,10,25,25,7,50,20,5,5,5,5,5,10,0,10,50,25,50,50,10,25,25,20,10,10,20,10,25,30,30,5,50,50,30,25,0,0,0,0,0,0,5,25,0,10,5,5,10,10,20,20,5,25,50,0,0,0,0,0,10,25,20,20,10,10
DamageCategory,,,,,,Slash,,Slash,Slash,,Slash,Slash,Slash,Slash,Slash,Slash,Slash,Slash,,Slash,Slash,Slash,Slash,Slash,Slash,Slash,Slash,Slash,Slash,Slash,Slash,Slash,Slash,Slash,Slash,Slash,Slash,Slash,Slash,Slash,,,,,,,,Slash,,Slash,Slash,Slash,,,Slash,Slash,Slash,Slash,Slash,,,,,,,Slash,Slash,Slash,Slash,Slash
DigType,,,,,,,,,,,,,,,,,,,,Trowel,,,,,,,,,,,,,,,,,,,,,,,,,,,,,,,,,,,,,,,,,,,,,,,,,,
DoorDamage,0,1,1,1,1,5,0,1,1,1,1,1,1,1,1,1,1,1,0,5,1,1,1,1,1,1,1,1,0,0,1,1,1,1,1,1,1,1,1,1,0,0,0,0,0,0,1,1,0,1,1,1,1,1,1,1,0,1,1,1,1,1,1,1,1,1,1,1,0,1
EnduranceMod,,,,,,,,,,,,,,,,,,,,,,,,,,,,,,,,,,,,,,,,,,,,,,,,,,,,,,,,,,,,,,,,,,,,,,
HeadCondition,,,,,,,,,,,,,,,,,,,,,,,,,,,,,,,,,,,,,,,,,,,,,,,,,,,,,,,,,,,,,,,,,,,,,,
HeadConditionLowerChanceMultiplier,,,,,,,,,,,,,,,,,,,,,,,,,,,,,,,,,,,,,,,,,,,,,,,,,,,,,,,,,,,,,,,,,,,,,,
HeadConditionMax,,,,,,,,,,,,,,,,,,,,,,,,,,,,,,,,,,,,,,,,,,,,,,,,,,,,,,,,,,,,,,,,,,,,,,
HitAngleMod,,,,,,,,,,,,,,,,,,,,,,,,,,,,,,,,,,,,,,,,,,,,,,,,,,,,,,,,,,,,,,,,,,,,,,
MaxDamage,0.1,0.4,0.4,0.4,0.4,0.4,0.2,1.3,0.9,0.4,1.2,0.6,0.1,0.1,0.1,0.1,0.1,0.5,0.1,0.4,1.2,0.5,1.2,1.2,0.9,0.7,0.7,0.6,0.5,0.4,0.6,0.5,0.7,1.1,1.1,0.1,1.2,1.2,1.1,0.6,0.1,0.1,0.1,0.1,0.1,0.1,0.4,0.7,0.1,0.4,0.1,0.1,0.7,0.7,1,0.6,0.5,1.3,1.2,0.1,0.1,0.1,0.1,0.1,0.53,0.7,1.1,0.6,0.4,0.5
MinDamage,0.1,0.1,0.1,0.1,0.1,0.2,0.1,0.8,0.5,0.1,0.6,0.4,0.1,0.1,0.1,0.1,0.1,0.3,0.1,0.2,0.6,0.3,0.6,0.6,0.6,0.3,0.3,0.3,0.3,0.3,0.3,0.3,0.3,0.6,0.6,0.1,0.6,0.6,0.6,0.3,0.1,0.1,0.1,0.1,0.1,0.1,0.3,0.3,0.1,0.1,0.1,0.1,0.3,0.3,0.6,0.3,0.2,0.8,0.6,0.1,0.1,0.1,0.1,0.1,0.25,0.3,0.7,0.3,0.3,0.3
MaxHitCount,1,1,1,1,1,2,1,1,1,1,1,1,1,1,1,1,1,1,1,2,1,1,1,1,1,1,1,1,1,1,1,1,1,1,1,1,1,1,1,1,1,1,1,1,1,1,1,1,1,1,1,1,1,1,1,1,1,1,1,1,1,1,1,1,1,1,1,1,1,1
MaxRange,0.8,1,0.8,0.8,0.8,0.9,0.8,0.9,0.9,0.8,0.9,0.69,0.8,0.8,0.8,0.8,0.8,0.8,0.8,0.9,0.9,0.9,0.9,0.9,0.8,0.9,0.9,0.9,0.9,0.8,0.9,0.8,0.9,0.9,0.9,0.8,0.9,0.9,0.9,0.9,0.8,0.8,0.8,0.8,0.8,0.8,0.9,0.9,0.8,0.8,0.9,0.9,0.85,0.85,0.85,0.9,0.8,0.9,0.9,0.8,0.8,0.8,0.8,0.8,0.85,0.9,0.85,0.9,0.8,0.8
MinRange,0.61,0.61,0.61,0.61,0.61,0.61,0.61,0.61,0.61,0.61,0.61,0.61,0.2,0.2,0.2,0.2,0.2,0.61,0.61,0.61,0.61,0.61,0.61,0.61,0.61,0.61,0.61,0.61,0.61,0.61,0.61,0.61,0.61,0.61,0.61,0.61,0.61,0.61,0.61,0.61,0.61,0.61,0.61,0.61,0.61,0.61,0.61,0.61,0.61,0.61,0.61,0.61,0.61,0.61,0.61,0.61,0.61,0.61,0.61,0.2,0.2,0.2,0.2,0.2,0.61,0.61,0.61,0.61,0.61,0.61
MinAngle,0.65,0.65,0.65,0.65,0.65,0.65,0.65,0.65,0.65,0.65,0.65,0.65,0.65,0.65,0.65,0.65,0.65,0.65,0.65,0.65,0.65,0.65,0.65,0.65,0.65,0.65,0.65,0.65,0.65,0.65,0.65,0.65,0.65,0.65,0.65,0.65,0.65,0.65,0.65,0.65,0.65,0.65,0.65,0.65,0.65,0.65,0.65,0.65,0.65,0.65,0.65,0.65,0.65,0.65,0.65,0.65,0.65,0.65,0.65,0.65,0.65,0.65,0.65,0.65,0.65,0.65,0.65,0.65,0.65,0.65
MetalValue,,8,8,8,8,,1,10,10,,30,,5,5,,5,5,,,,30,10,30,30,,10,10,10,10,10,10,,10,30,30,15,30,30,30,10,,,,,,,10,10,,8,8,8,5,5,,10,,10,30,5,5,,5,5,,10,,10,10,
PushBackMod,0.01,0.01,0.01,0.01,0.01,0.01,0.01,0.01,0.01,0.01,0.01,0.01,0.01,0.01,0.01,0.01,0.01,,,0.01,0.01,,0.01,0.01,0.01,0.01,0.01,0.01,0.01,0.01,,,0.01,0.01,0.01,0.01,0.01,0.01,0.01,,0.01,0.01,0.01,0.01,0.01,0.01,0.01,0.01,0.01,0.01,0.01,0.01,0.01,0.01,0.01,0.01,0.01,0.01,0.01,0.01,0.01,0.01,0.01,0.01,0.01,0.01,0.01,,0.01,
RainFactor,,,,,,,,,,,,,,,,,,,,,,,,,,,,,,,,,,,,,,,,,,,,,,,,,,,,,,,,,,,,,,,,,,,,,,
ReplaceOnUseOn,,,,,,,,,,,,,,,,,,,,,,,,,,,,,,,,,,,,,,,,,,,,,,,,,,,,,,,,,,,,,,,,,,,,,,
Sharpness,,,,,,,,1.0,1.0,,1.0,,,,,,,,,,1.0,,1.0,1.0,1.0,1.0,1.0,1.0,1.0,1.0,1.0,1.0,1.0,1.0,1.0,,1.0,1.0,1.0,,,,,,,,,1.0,,1.0,1.0,1.0,,,,1.0,,1.0,1.0,,,,,,,1.0,,1.0,,1.0
TreeDamage,0,0,0,0,0,0,0,0,0,0,0,0,0,0,0,0,0,0,0,0,0,0,0,0,0,0,0,0,0,0,0,0,0,0,0,0,0,0,0,0,0,0,0,0,0,0,0,0,0,0,0,0,0,0,0,0,0,0,0,0,0,0,0,0,0,0,0,0,0,0
WeaponLength,0.15,0.17,0.17,0.17,0.17,0.2,0.15,0.19,0.19,0.17,0.25,0.19,0.17,0.17,0.17,0.17,0.17,0.19,0.15,0.2,0.25,0.19,0.25,0.25,0.25,0.19,0.19,0.19,0.19,0.19,0.19,0.19,0.19,0.25,0.25,0.25,0.25,0.25,0.25,0.19,0.15,0.15,0.15,0.15,0.15,0.15,0.19,0.19,0.15,0.17,0.17,0.17,0.19,0.19,0.25,0.17,0.2,0.19,0.25,0.17,0.17,0.17,0.17,0.17,0.18,0.19,0.25,0.19,0.19,0.19
WeaponWeight,,,,,,,,,,,,,,,,,,,,,,,,,,,,,,,,,,,,,,,,,,,,,,,,,,,,,,,,,,,,,,,,,,,,,,
Weight,0.1,1,0.25,0.25,0.25,0.5,0.2,0.5,0.7,0.25,1,0.75,0.25,0.25,0.25,0.25,0.25,0.5,0.1,1,1,0.4,1,1,0.3,0.7,0.6,0.3,0.7,0.3,0.3,0.5,0.7,1,1,0.3,1,1,1,0.5,0.1,0.1,0.2,0.2,0.2,0.2,0.5,0.5,0.1,0.3,0.5,0.5,0.5,0.5,1,0.5,1,0.7,1,0.25,0.25,0.25,0.25,0.25,0.5,0.5,1,0.3,0.6,0.25
SplatBloodOnNoDeath,FALSE,FALSE,FALSE,FALSE,FALSE,FALSE,FALSE,TRUE,TRUE,FALSE,TRUE,TRUE,,,,,,TRUE,FALSE,FALSE,TRUE,TRUE,TRUE,TRUE,TRUE,TRUE,TRUE,TRUE,TRUE,TRUE,TRUE,TRUE,TRUE,TRUE,TRUE,TRUE,TRUE,TRUE,TRUE,TRUE,FALSE,FALSE,FALSE,FALSE,FALSE,FALSE,TRUE,TRUE,FALSE,FALSE,,,FALSE,FALSE,TRUE,TRUE,FALSE,TRUE,TRUE,,,,,,FALSE,TRUE,TRUE,TRUE,TRUE,TRUE
SplatNumber,1,2,2,2,2,2,3,4,4,2,4,4,,,,,,4,1,2,4,4,4,4,4,4,4,4,4,4,4,4,4,4,4,2,4,4,4,4,1,1,1,1,1,1,4,4,1,2,,,1,1,4,4,3,4,4,,,,,,2,4,4,4,4,4
SplatSize,,,,,,,,,,,,,,,,,,,,,,,,,,,,,,,,,,,,,,,,,,,,,,,,,,,,,,,,,,,,,,,,,,,,,,
BreakSound,PenBreak,BreadKnifeBreak,ButterKnifeBreak,ButterKnifeBreak,ButterKnifeBreak,HandForkBreak,IcePickBreak,CrudeBladeBreak,CrudeKnifeBreak,ButterKnifeBreak,FightingKnifeBreak,StoneKnifeBreak,ForkBreak,ForkBreak,ForkBreak,ForkBreak,ForkBreak,GlassShivBreak,PenBreak,HandForkBreak,HandguardDaggerBreak,KitchenKnifeBreak,HuntingKnifeBreak,HuntingKnifeBreak,IcePickBreak,KitchenKnifeBreak,KitchenKnifeBreak,ButterflyKnifeBreak,KitchenKnifeBreak,KitchenKnifeBreak,PocketKnifeBreak,ShivBreak,KitchenKnifeBreak,LargeKnifeBreak,ScrapLargeKnifeBreak,LetterOpenerBreak,CrudeBladeLongBreak,CrudeKnifeLongBreak,LargeKnifeBreak,MultitoolBreak,PenBreak,PenBreak,PenBreak,PenBreak,PenBreak,PenBreak,KitchenKnifeBreak,KitchenKnifeBreak,PenBreak,ScalpelBreak,ScissorsBreak,ScissorsBreak,ScrewdriverBreak,ScrewdriverBreak,SharpBoneLongBreak,SmallKnifeBreak,SmashedBottleBreak,SpearHeadBreak,SpearHeadLongBreak,SpoonBreak,SpoonBreak,SpoonBreak,SpoonBreak,SpoonBreak,StakeBreak,KitchenKnifeBreak,StoneKnifeLongBreak,SwitchBladeBreak,OldTinOpenerBreak,ToothbrushShivBreak
DoorHitSound,PenHit,BreadKnifeHit,ButterKnifeHit,ButterKnifeHit,ButterKnifeHit,HandForkHit,IcePickHit,CrudeBladeHit,CrudeKnifeHit,ButterKnifeHit,FightingKnifeHit,StoneKnifeHit,ForkHit,ForkHit,ForkHit,ForkHit,ForkHit,GlassShivHit,PenHit,HandForkHit,HandguardDaggerHit,KitchenKnifeHit,HuntingKnifeHit,HuntingKnifeHit,IcePickHit,KitchenKnifeHit,KitchenKnifeHit,ButterflyKnifeHit,KitchenKnifeHit,KitchenKnifeHit,PocketKnifeHit,ShivHit,KitchenKnifeHit,LargeKnifeHit,ScrapLargeKnifeHit,LetterOpenerHit,CrudeBladeLongHit,CrudeKnifeLongHit,LargeKnifeHit,MultitoolHit,PenHit,PenHit,PenHit,PenHit,PenHit,PenHit,KitchenKnifeHit,KitchenKnifeHit,PenHit,ScalpelHit,ScissorsHit,ScissorsHit,ScrewdriverHit,ScrewdriverHit,SharpBoneLongHit,SmallKnifeHit,SmashedBottleHit,SpearHeadStab,SpearHeadLongHit,SpoonHit,SpoonHit,SpoonHit,SpoonHit,SpoonHit,StakeHit,KitchenKnifeHit,StoneKnifeLongHit,SwitchBladeHit,OldTinOpenerHit,ToothbrushShivHit
DropSound,,BreadKnifeDrop,ButterKnifeDrop,ButterKnifeDrop,ButterKnifeDrop,,,CrudeBladeDrop,CrudeKnifeDrop,ButterKnifeDrop,FightingKnifeDrop,StoneKnifeDrop,ForkDrop,ForkDrop,ForkDrop,ForkDrop,ForkDrop,GlassShivDrop,,HandForkDrop,HandguardDaggerDrop,,HuntingKnifeDrop,HuntingKnifeDrop,IcePickDrop,KitchenKnifeDrop,KitchenKnifeDrop,ButterflyKnifeDrop,,,,ShivDrop,,LargeKnifeDrop,ScrapLargeKnifeDrop,LetterOpenerDrop,CrudeBladeLongDrop,CrudeKnifeLongDrop,LargeKnifeDrop,,,,PenDrop,PenDrop,PenDrop,,KitchenKnifeDrop,KitchenKnifeDrop,,ScalpelDrop,ScissorsDrop,ScissorsDrop,ScrewdriverDrop,ScrewdriverDrop,SharpBoneLongDrop,SmallKnifeDrop,SmashedBottleDrop,SpearHeadDrop,SpearHeadLongDrop,SpoonDrop,SpoonDrop,SpoonDrop,SpoonDrop,SpoonDrop,StakeDrop,KitchenKnifeDrop,StoneKnifeDrop,SwitchBladeDrop,,ToothbrushShivDrop
EquipSound,,,,,,,,,,,,,,,,,,,,,,PocketKnifeEquip,,,,,,ButterflyKnifeEquip,,,PocketKnifeEquip,,,,,,,,,PocketKnifeEquip,,,,,,,,,,,,,,,,,,,,,,,,,,,,SwitchBladeEquip,,
HitFloorSound,PenHit,BreadKnifeHit,ButterKnifeHit,ButterKnifeHit,ButterKnifeHit,HandForkHit,IcePickHit,CrudeBladeHit,CrudeKnifeHit,ButterKnifeHit,FightingKnifeHit,StoneKnifeHit,ForkHit,ForkHit,ForkHit,ForkHit,ForkHit,GlassShivHit,PenHit,HandForkHit,HandguardDaggerHit,KitchenKnifeHit,HuntingKnifeHit,HuntingKnifeHit,IcePickHit,KitchenKnifeHit,KitchenKnifeHit,ButterflyKnifeHit,KitchenKnifeHit,KitchenKnifeHit,PocketKnifeHit,ShivHit,KitchenKnifeHit,LargeKnifeHit,ScrapLargeKnifeHit,LetterOpenerHit,CrudeBladeLongHit,CrudeKnifeLongHit,LargeKnifeHit,MultitoolHit,PenHit,PenHit,PenHit,PenHit,PenHit,PenHit,KitchenKnifeHit,KitchenKnifeHit,PenHit,ScalpelHit,ScissorsHit,ScissorsHit,ScrewdriverHit,ScrewdriverHit,SharpBoneLongHit,SmallKnifeHit,SmashedBottleHit,SpearHeadStab,SpearHeadLongHit,SpoonHit,SpoonHit,SpoonHit,SpoonHit,SpoonHit,StakeHit,KitchenKnifeHit,StoneKnifeLongHit,SwitchBladeHit,OldTinOpenerHit,ToothbrushShivHit
HitSound,PenHit,BreadKnifeHit,ButterKnifeHit,ButterKnifeHit,ButterKnifeHit,HandForkHit,IcePickHit,CrudeBladeHit,CrudeKnifeHit,ButterKnifeHit,FightingKnifeHit,StoneKnifeHit,ForkHit,ForkHit,ForkHit,ForkHit,ForkHit,GlassShivHit,PenHit,HandForkHit,HandguardDaggerHit,KitchenKnifeHit,HuntingKnifeHit,HuntingKnifeHit,IcePickHit,KitchenKnifeHit,KitchenKnifeHit,ButterflyKnifeHit,KitchenKnifeHit,KitchenKnifeHit,PocketKnifeHit,ShivHit,KitchenKnifeHit,LargeKnifeHit,ScrapLargeKnifeHit,LetterOpenerHit,CrudeBladeLongHit,CrudeKnifeLongHit,LargeKnifeHit,MultitoolHit,PenHit,PenHit,PenHit,PenHit,PenHit,PenHit,KitchenKnifeHit,KitchenKnifeHit,PenHit,ScalpelHit,ScissorsHit,ScissorsHit,ScrewdriverHit,ScrewdriverHit,SharpBoneLongHit,SmallKnifeHit,SmashedBottleHit,SpearHeadStab,SpearHeadLongHit,SpoonHit,SpoonHit,SpoonHit,SpoonHit,SpoonHit,StakeHit,KitchenKnifeHit,StoneKnifeLongHit,SwitchBladeHit,OldTinOpenerHit,ToothbrushShivHit
ImpactSound,PenHit,BreadKnifeHit,ButterKnifeHit,ButterKnifeHit,ButterKnifeHit,HandForkHit,IcePickHit,CrudeBladeHit,CrudeKnifeHit,ButterKnifeHit,FightingKnifeHit,StoneKnifeHit,ForkHit,ForkHit,ForkHit,ForkHit,ForkHit,GlassShivHit,PenHit,HandForkHit,HandguardDaggerHit,KitchenKnifeHit,HuntingKnifeHit,HuntingKnifeHit,IcePickHit,KitchenKnifeHit,KitchenKnifeHit,ButterflyKnifeHit,KitchenKnifeHit,KitchenKnifeHit,PocketKnifeHit,ShivHit,KitchenKnifeHit,LargeKnifeHit,ScrapLargeKnifeHit,LetterOpenerHit,CrudeBladeLongHit,CrudeKnifeLongHit,LargeKnifeHit,MultitoolStab,PenHit,PenHit,PenHit,PenHit,PenHit,PenHit,KitchenKnifeHit,KitchenKnifeHit,PenHit,ScalpelHit,ScissorsHit,ScissorsHit,ScrewdriverHit,ScrewdriverHit,SharpBoneLongStab,SmallKnifeHit,SmashedBottleHit,SpearHeadStab,SpearHeadLongHit,,,,,,StakeHit,KitchenKnifeHit,StoneKnifeLongHit,SwitchBladeHit,OldTinOpenerHit,ToothbrushShivHit
SoundMap,,,,,,,,,,,,,,,,,,,,,,,,,,,,,,,,,,,,,,,,,,,,,,,,,,,,,,,,,,,,,,,,,,,,,,
SwingSound,PenSwing,BreadKnifeSwing,ButterKnifeSwing,ButterKnifeSwing,ButterKnifeSwing,HandForkSwing,IcePickSwing,CrudeBladeSwing,CrudeKnifeSwing,ButterKnifeSwing,FightingKnifeSwing,StoneKnifeSwing,ForkSwing,ForkSwing,ForkSwing,ForkSwing,ForkSwing,GlassShivSwing,PenSwing,HandForkSwing,HandguardDaggerSwing,KitchenKnifeSwing,HuntingKnifeSwing,HuntingKnifeSwing,IcePickSwing,KitchenKnifeSwing,KitchenKnifeSwing,ButterflyKnifeSwing,KitchenKnifeSwing,KitchenKnifeSwing,PocketKnifeSwing,ShivSwing,KitchenKnifeSwing,LargeKnifeSwing,ScrapLargeKnifeSwing,LetterOpenerSwing,CrudeBladeLongSwing,CrudeKnifeLongSwing,LargeKnifeSwing,MultitoolSwing,PenSwing,PenSwing,PenSwing,PenSwing,PenSwing,PenSwing,KitchenKnifeSwing,KitchenKnifeSwing,PenSwing,ScalpelSwing,ScissorsSwing,ScissorsSwing,ScrewdriverSwing,ScrewdriverSwing,SharpBoneLongSwing,SmallKnifeSwing,SmashedBottleSwing,SpearHeadSwing,SpearHeadLongSwing,SpoonSwing,SpoonSwing,SpoonSwing,SpoonSwing,SpoonSwing,StakeSwing,KitchenKnifeSwing,StoneKnifeLongSwing,SwitchBladeSwing,OldTinOpenerSwing,ToothbrushShivSwing
UnequipSound,,,,,,,,,,,,,,,,,,,,,,PocketKnifeUnequip,,,,,,ButterflyKnifeUnequip,,,PocketKnifeUnequip,,,,,,,,,PocketKnifeUnequip,,,,,,,,,,,,,,,,,,,,,,,,,,,,SwitchBladeUnequip,,
Tooltip,,,,,,,,,,,,,,,,,,,,,,,,,,,,,,,,,,,,,,,,,,,,,,,,,,,,,,,,,,,,,,,,,,,,,,
ResearchableRecipes,,Forge_Crude_Blade,MakeShiv,,,,,Forge_Crude_Blade;Forge_Small_Knife,Forge_Crude_Blade;Forge_Small_Knife,,Forge_Crude_Blade;Forge_Small_Knife,MakeStoneBlade;Forge_Crude_Blade,MakeShiv;Forge_Forks,MakeShiv,,,,,,,Forge_Crude_Blade;Forge_Small_Knife,Forge_Crude_Blade;Forge_Small_Knife,Forge_Hunting_Knife_Blade;Forge_Large_Knife_Blade;Forge_Crude_Blade;Forge_Small_Knife,Forge_Hunting_Knife_Blade;Forge_Large_Knife_Blade;Forge_Crude_Blade;Forge_Small_Knife,,Forge_Kitchen_Knife_Blade;Forge_Crude_Blade;Forge_Small_Knife,Forge_Kitchen_Knife_Blade;Forge_Crude_Blade;Forge_Small_Knife,Forge_Crude_Blade;Forge_Small_Knife,Forge_Crude_Blade;Forge_Small_Knife,Forge_Crude_Blade;Forge_Small_Knife,Forge_Crude_Blade;Forge_Small_Knife,Forge_Crude_Blade,Forge_Crude_Blade;Forge_Small_Knife,Forge_Hunting_Knife_Blade;Forge_Large_Knife_Blade;Forge_Crude_Blade;Forge_Small_Knife,Forge_Crude_Blade;Forge_Small_Knife,,Forge_Crude_Blade;Forge_Long_Crude_Blade;Forge_Small_Knife,Forge_Crude_Blade;Forge_Long_Crude_Blade;Forge_Small_Knife,Forge_Machete_Blade;Forge_Crude_Blade,Forge_Crude_Blade,,,,,,,MakeRailspikeWeapon,Forge_Crude_Blade;Forge_Small_Knife,,Forge_Crude_Blade;Forge_Small_Knife,Forge_Crude_Blade;Forge_Scissors;Forge_Sheep_Shears;Forge_Small_Knife,Forge_Crude_Blade;Forge_Sheep_Shears;Forge_Fine_Scissors;Forge_Small_Knife,,,SharpenBone,Forge_Kitchen_Knife_Blade;Forge_Crude_Blade,,Forge_Crude_Blade;ForgeSpearHead;ForgeLongSpearHead;Forge_Small_Knife,Forge_Crude_Blade;ForgeSpearHead;Forge_Small_Knife,MakeShiv;Forge_Spoons,MakeShiv,,,,,Forge_Crude_Blade;Forge_Small_Knife,MakeStoneBlade;MakeLongStoneBlade;Forge_Crude_Blade,Forge_Crude_Blade;Forge_Small_Knife,,
OnBreak,,,,,,,,,,,,OnBreak.SmallHandle,,,,,,,,,,,OnBreak.HuntingKnife,OnBreak.HuntingKnife,OnBreak.SmallHandle,OnBreak.KitchenKnife,OnBreak.KitchenKnife,,,,,,,OnBreak.LargeKnife,,,,,,,,,,,,,,,,,,,,,,,OnBreak.BrokenGlass,,,,,,,,,,,,,
OnCreate,,,,,,,,,,,,,,,,,,,,,,,,,,,,,,,,,,,,,,,,,,,,,,,,,,,,,,,,,,,,,,,,,,,,,,
